Workbook

Sheet Nasıl Kullanılır
A1: MAKARYA · İÇERİK TABLOSU
A3: Bu dosya oyunun bütün içeriğinin ana kaynağıdır. Burada yapılan değişiklikler oyuna şöyle geçer:
A4: 1) Dosyayı düzenle ve kaydet (adını değiştirme: Makarya_Icerik.xlsx).
A5: 2) GitHub'da depoya yükle (Add file → Upload files) ya da Claude'a gönder.
A6: 3) Dosya oyunun formatına dönüştürülür ve birkaç dakika içinde oyunda görünür.
A8: ADLANDIRMA: ÖZELLİK = dokuz temel değer (Akıl, Çene, Kurnazlık, Cesaret, Pişkinlik, İtibar, Gönül, Dayanıklılık, Sosyal Radar). ROZET = zor işlerle kazanılan ödüller (Kitap Kurdu, Kantin Ekonomisti…).
A10: SAYFALAR
A11: Olaylar: Her satır bir olay. Olay ID benzersiz olmalı (küçük harf ve tire). Bölüm 1–10. Yaş örn. '12 yaş 6 ay'.
A12: Seçimler: Her satır bir seçim; Olay ID ile olaya bağlanır, Sıra ile dizilir. Bir olayda 2–5 seçim olur.
A13: • Kesin sonuçlu seçim: 'Kesin etki' (ör. İtibar +2, Çene +1) ve 'Kesin sonuç metni' doldurulur.
A14: • Zarlı seçim: Özellik + Zorluk + dört sonuç metni (Başarı, Kritik başarı, Başarısız, Kritik hata).
A15: • Mini oyunlu seçim: zarlı seçim + Mini oyun türü + başlık + ipucu + 'Yarım (mini oyun)' metni.
... A45: Aileler: Yalçın, Erdem, Keskin, Tan, Varlı, Şen

Sheet Özet
A1: Bölüm | B1: Olay sayısı | C1: Sabit olay | D1: Bir hayatta görülen | E1: Seçim sayısı | F1: Mini oyunlu seçim | G1: Ölüm riskli seçim
A2: 1 | B2: =COUNTIF(Olaylar!B:B,1) | C2: =COUNTIFS(Olaylar!B:B,1,Olaylar!I:I,"E") | D2: =VLOOKUP(1,Bölümler!A:C,3,FALSE) | E2: =SUMPRODUCT((COUNTIFS(Seçimler!A:A,Olaylar!A$2:A$486)>0)*(Olaylar!B$2:B$486=1)*COUNTIFS(Seçimler!A:A,Olaylar!A$2:A$486))
A3: 2 | B3: =COUNTIF(Olaylar!B:B,2) | C3: =COUNTIFS(Olaylar!B:B,2,Olaylar!I:I,"E") | D3: =VLOOKUP(2,Bölümler!A:C,3,FALSE) | E3: =SUMPRODUCT((COUNTIFS(Seçimler!A:A,Olaylar!A$2:A$486)>0)*(Olaylar!B$2:B$486=2)*COUNTIFS(Seçimler!A:A,Olaylar!A$2:A$486))
A4: 3 | B4: =COUNTIF(Olaylar!B:B,3) | C4: =COUNTIFS(Olaylar!B:B,3,Olaylar!I:I,"E") | D4: =VLOOKUP(3,Bölümler!A:C,3,FALSE) | E4: =SUMPRODUCT((COUNTIFS(Seçimler!A:A,Olaylar!A$2:A$486)>0)*(Olaylar!B$2:B$486=3)*COUNTIFS(Seçimler!A:A,Olaylar!A$2:A$486))
A5: 4 | B5: =COUNTIF(Olaylar!B:B,4) | C5: =COUNTIFS(Olaylar!B:B,4,Olaylar!I:I,"E") | D5: =VLOOKUP(4,Bölümler!A:C,3,FALSE) | E5: =SUMPRODUCT((COUNTIFS(Seçimler!A:A,Olaylar!A$2:A$486)>0)*(Olaylar!B$2:B$486=4)*COUNTIFS(Seçimler!A:A,Olaylar!A$2:A$486))
A6: 5 | B6: =COUNTIF(Olaylar!B:B,5) | C6: =COUNTIFS(Olaylar!B:B,5,Olaylar!I:I,"E") | D6: =VLOOKUP(5,Bölümler!A:C,3,FALSE) | E6: =SUMPRODUCT((COUNTIFS(Seçimler!A:A,Olaylar!A$2:A$486)>0)*(Olaylar!B$2:B$486=5)*COUNTIFS(Seçimler!A:A,Olaylar!A$2:A$486))
A7: 6 | B7: =COUNTIF(Olaylar!B:B,6) | C7: =COUNTIFS(Olaylar!B:B,6,Olaylar!I:I,"E") | D7: =VLOOKUP(6,Bölümler!A:C,3,FALSE) | E7: =SUMPRODUCT((COUNTIFS(Seçimler!A:A,Olaylar!A$2:A$486)>0)*(Olaylar!B$2:B$486=6)*COUNTIFS(Seçimler!A:A,Olaylar!A$2:A$486))
A8: 7 | B8: =COUNTIF(Olaylar!B:B,7) | C8: =COUNTIFS(Olaylar!B:B,7,Olaylar!I:I,"E") | D8: =VLOOKUP(7,Bölümler!A:C,3,FALSE) | E8: =SUMPRODUCT((COUNTIFS(Seçimler!A:A,Olaylar!A$2:A$486)>0)*(Olaylar!B$2:B$486=7)*COUNTIFS(Seçimler!A:A,Olaylar!A$2:A$486))
A9: 8 | B9: =COUNTIF(Olaylar!B:B,8) | C9: =COUNTIFS(Olaylar!B:B,8,Olaylar!I:I,"E") | D9: =VLOOKUP(8,Bölümler!A:C,3,FALSE) | E9: =SUMPRODUCT((COUNTIFS(Seçimler!A:A,Olaylar!A$2:A$486)>0)*(Olaylar!B$2:B$486=8)*COUNTIFS(Seçimler!A:A,Olaylar!A$2:A$486))
A10: 9 | B10: =COUNTIF(Olaylar!B:B,9) | C10: =COUNTIFS(Olaylar!B:B,9,Olaylar!I:I,"E") | D10: =VLOOKUP(9,Bölümler!A:C,3,FALSE) | E10: =SUMPRODUCT((COUNTIFS(Seçimler!A:A,Olaylar!A$2:A$486)>0)*(Olaylar!B$2:B$486=9)*COUNTIFS(Seçimler!A:A,Olaylar!A$2:A$486))
A11: 10 | B11: =COUNTIF(Olaylar!B:B,10) | C11: =COUNTIFS(Olaylar!B:B,10,Olaylar!I:I,"E") | D11: =VLOOKUP(10,Bölümler!A:C,3,FALSE) | E11: =SUMPRODUCT((COUNTIFS(Seçimler!A:A,Olaylar!A$2:A$486)>0)*(Olaylar!B$2:B$486=10)*COUNTIFS(Seçimler!A:A,Olaylar!A$2:A$486))
A12: Toplam | B12: =SUM(B2:B11) | C12: =SUM(C2:C11) | D12: =SUM(D2:D11) | E12: =SUM(E2:E11) | F12: =COUNTIF(Seçimler!M:M,"?*")-1 | G12: =COUNTIF(Seçimler!Y:Y,">0")

Sheet Olaylar
A1: Olay ID | B1: Bölüm | C1: Yaş | D1: Simge | E1: Başlık | F1: Olay metni | G1: Mekân | H1: Aile türü | I1: Sabit | J1: Ağırlık | K1: Gereken hafızalar | L1: Olmaması gereken hafızalar | M1: Gereken rozet | N1: Cinsiyet | O1: Sadece aileler | P1: Asgari özellik | Q1: Kavşak no | R1: Kavşak girişi | S1: Kazanırsan | T1: Kazanamazsan | U1: Herhangi biri hafıza | V1: Hat
A2: dogum | B2: 1 | C2: 0 yaş | D2: 👶 | E2: Ortam Fazla Aydınlık | F2: Makarya'ya yeni indin. Işıklar fazla parlak, oda fazla kalabalık. Herkes senden bir ses bekliyor; biri çoktan “Kime benziyor?” tartışmasını başlattı. | I2: E
A3: gece-vardiyasi | B3: 1 | C3: 3 ay | D3: 🌙 | E3: Gece Nöbeti | F3: Saat üç. Annen yarı uyuyor, baban yarı uyanık. Senin nöbetin daha yeni başlıyor. | H3: ev
A4: yabanci-krizi | B4: 1 | C4: 8 ay | D4: 🤓 | E4: Yabancı Krizi | F4: Tanımadığın bir teyze fazla hızlı, fazla gülerek geldi. Elleri yanaklarına uzanıyor: “Yerim seni!” Ciddi olup olmadığı belli değil.
A5: yasak-nesne | B5: 1 | C5: 10 ay | D5: 💎 | E5: Yasak Nesne | F5: Sehpada dokunmaman gereken parlak bir şey var: misafir gelince vitrinden inen kristal şekerlik. Bu bilgi şekerliği daha çekici yaptı. | H5: ev
A6: ilk-kelime | B6: 1 | C6: 1 yaş | D6: 💬 | E6: İlk Kelime | F6: Salon sessizleşti. Herkes ağzından çıkacak ilk anlamlı kelimeyi bekliyor. | H6: ev | I6: E
A7: ilk-adimlar | B7: 1 | C7: 15 ay | D7: 👣 | E7: İlk Adımlar | F7: Ayaktasın. Bu, teoride ilerleme sayılıyor.
A8: masadaki-telefon | B8: 1 | C8: 17 ay | D8: 📱 | E8: Masadaki Telefon | F8: Ekran parlıyor. Yetişkinler bu nesneye günün önemli bölümünü ayırıyor.
A9: dogum-gunu-pastasi | B9: 1 | C9: 19 ay | D9: 🎂 | E9: Doğum Günü Pastası | F9: Kuzeninin doğum günü. Masada bir pasta, bir mum ve seni ilgilendirmeyen bir sürü kural: önce şarkı, sonra mum, sonra dilim. Sen sadece pastayı gördün. | H9: sosyal
A10: vazo-kirildi | B10: 1 | C10: 2 yaş | D10: 🏺 | E10: Vazo Kırıldı | F10: Vazoyu kırdın. Parçalar yerde, sessizlik ağır. Kedi sana bakıyor. | H10: ev | I10: E
A11: ilk-harclik | B11: 1 | C11: 2 yaş 2 ay | D11: 🪙 | E11: İlk Harçlık | F11: Avucuna birkaç bozuk para bırakıldı. Deden “Kimseye verme” dedi. Annen “Ağzına atma” dedi. İki kural, bir avuç. | H11: para | J11: 2
A12: oyuncak-krizi | B12: 1 | C12: 2 yaş 4 ay | D12: 🧸 | E12: Oyuncak Krizi | F12: Kum havuzunda başka bir çocuk kovanı aldı. Onun annesi görmedi; seninki gördü ve “Paylaş” dedi. Yalnızsın. | H12: sosyal
A13: aile-toplantisi | B13: 1 | C13: 2 yaş 7 ay | D13: 🛋️ | E13: Büyükler Konuşuyor | F13: Salonda büyükler konuşuyor; çay ikinci demde, sesler alçak. Sana “Sen git oyna” dendi. Adın iki kez geçti. | H13: ev
A14: parkta-sira | B14: 1 | C14: 2 yaş 10 ay | D14: 🛝 | E14: Parkta Sıra | F14: Kaydırakta sıra var. Kural basit görünüyor. İnsanlar yüzünden değil.
A15: kim-yapti | B15: 1 | C15: 2 yaş 11 ay | D15: 🔍 | E15: Kim Yaptı? | F15: Salon duvarında keçeli kalemle çizilmiş kocaman bir güneş var. Altında imzaya benzeyen bir karalama. Baban elinde kalemin kapağıyla tek bir soru soruyor: “Kim yaptı?” | H15: ev | J15: 2
A16: kres-kapisi | B16: 1 | C16: 3 yaş | D16: 🏫 | E16: Kreş Kapısı | F16: Kapının arkasında başka çocuklar, katı kurallar ve paylaşılması gereken oyuncaklar var. | H16: okul-iş | I16: E
A17: ilk-arkadas | B17: 2 | C17: 3 yaş 1 ay | D17: 🤝 | E17: İlk Arkadaş | F17: Kreşin ilk haftası. Kum havuzunda senin boyunda bir çocuk var: elinde kürek, burnunda sümük, gözü sende. Öğretmen ikinizi yan yana oturttu: “Hadi bakalım, arkadaş olun.” Emirle arkadaş olunur mu, ikiniz de bilmiyorsunuz.
A18: oyuncagimi-aldi | B18: 2 | C18: 3 yaş 2 ay | D18: 😤 | E18: Oyuncağımı Aldı | F18: Kreşte bir çocuk elindeki arabayı aldı ve “Bu kreşin” dedi. Haklı. Ama araba senin elindeydi. | H18: sosyal
A19: ogretmen-yanlis-anladi | B19: 2 | C19: 3 yaş 4 ay | D19: 👩‍🏫 | E19: Öğretmen Seni Yanlış Anladı | F19: Öğretmen suyu senin döktüğünü sanıyor. Dökmedin; ama bardak senin önündeydi, elin de ıslak. Büyükler de yanılıyormuş. | H19: okul-iş
A20: parkin-buyuk-cocugu | B20: 2 | C20: 3 yaş 6 ay | D20: 🧗 | E20: Parkın Büyük Çocuğu | F20: Kaydırağın tepesinde koca bir çocuk oturuyor; yedi yaşında var, ön dişi yok. Ne kayıyor ne kimseyi çıkarıyor. Aşağıdan “Hadi ama!” diyen küçüklere tek bir cevabı var: “Burası benim.”
A21: market-kasasi | B21: 2 | C21: 3 yaş 8 ay | D21: 🍬 | E21: Market Kasası | F21: Kasa sırasındasın; şekerler tam senin göz hizana dizilmiş, annenin değil. Annen markete girmeden uyarmıştı: “Bugün şeker yok, anlaştık mı?” Anlaşmamıştınız; sen sadece başını sallamıştın. | H21: para
A22: baskasinin-dogum-gunu | B22: 2 | C22: 4 yaş | D22: 🎁 | E22: Başkasının Doğum Günü | F22: Alt kattaki çocuğun doğum günü. Pasta onun, balonlar onun, hediyeler onun. Annen kapıda son kez fısıldadı: “Hediyeleri o açacak, sen değil.” | H22: sosyal
A23: en-guzel-oyuncak | B23: 2 | C23: 4 yaş 1 ay | D23: 🤖 | E23: En Güzel Oyuncak | F23: Kuzeninin odasında, rafın en üstünde kocaman, parlak kırmızı bir itfaiye arabası duruyor. Halan kapıdan uyardı: “O yeni, dokunmayın.” Odadaki dört çocuk o andan beri yalnızca ona bakıyor.
A24: ilk-gercek-yalan | B24: 2 | C24: 4 yaş 2 ay | D24: 🤥 | E24: İlk Gerçek Yalan | F24: Buzdolabındaki misafir pastasının bir köşesi eksik; tam çikolatalı köşesi. Annen pastaya baktı, sonra senin dudağının kenarına: “Bunu kim yedi?” Bu kez ne yaptığını biliyorsun. Annen de biliyor gibi bakıyor. | H24: ev
A25: mahalle-bakkali | B25: 2 | C25: 4 yaş 4 ay | D25: 🏪 | E25: Mahalle Bakkalı | F25: Liste elinde, para cebinde. Bakkal apartmanın altında; annen balkondan izliyor. Bakkal her şeyi biliyor gibi bakıyor; annen de. | H25: para
A26: kaybolan-bozuk-para | B26: 2 | C26: 4 yaş 5 ay | D26: 🔎 | E26: Kaybolan Bozuk Para | F26: Parkta, ayağının dibinde parlak bir bozuk para var. Sahibi görünmüyor. Annen de görünmüyor; bankta komşu teyzeyle termostan üçüncü çayı içiyor. | H26: para
A27: takim-seciliyor | B27: 3 | C27: 7 yaş | D27: ⚽ | E27: Takım Seçiliyor | F27: Teneffüste maç. İki kaptan karşılıklı ayak ayak yürüyor; ayağı üste gelen ilk seçecek. Sen kale direği yapılan çantaların yanında bekliyorsun.
A28: sana-guluyorlar | B28: 2 | C28: 4 yaş 9 ay | D28: 😅 | E28: Sana Gülüyorlar | F28: Kreşte öğretmen sordu: “Büyüyünce ne olacaksın?” “Kedi” dedin; bütün gün uyuyor, kimse kızmıyor. Üç çocuk kahkahayı bastı. Neyin komik olduğunu hâlâ anlamadın. | H28: sosyal
A29: ilk-kucuk-sir | B29: 2 | C29: 5 yaş | D29: 🤫 | E29: İlk Küçük Sır | F29: Sıra arkadaşın kulağına eğildi, eliyle ağzını kapattı: “Benim dedemin dişleri çıkıyor. Geceleri bardağa koyuyor.” Sonra ekledi: “Kimseye söyleme.” Hayatında duyduğun en büyük sır bu. | H29: sosyal
A30: aileler-kiyasliyor | B30: 2 | C30: 5 yaş 2 ay | D30: 📏 | E30: Aileler Kıyaslıyor | F30: Komşu teyze çaya geldi, oğlunu da getirdi. Çaylar gelmeden başladı: “Bizimki okumayı söktü.” Annen elindeki şekerliği bıraktı: “Bizimki de alfabeyi tersten söylüyor.” Bu senin için de haberdi. | H30: okul-iş
A31: kirilan-oyuncak | B31: 2 | C31: 5 yaş 4 ay | D31: 🔧 | E31: Kırılan Oyuncak | F31: Babanın bayramda aldığı konuşan robotun kolu elinde kaldı. Kırmak istememiştin; kolu bir tur daha çevirmiştin, o kadar. Robot son kez “Merhaba dostum!” dedi ve sustu.
A32: mahalle-turnuvasi | B32: 2 | C32: 5 yaş 5 ay | D32: 🏃 | E32: Mahalle Turnuvası | F32: Sokakta yarış var: apartmanın kapısından bakkalın önüne kadar. Kurallar her dakika değişiyor; en büyük çocuk ne derse o. Bakkal sandalyesini kapıya çekti; bitiş çizgisi artık o. | J32: 2
A33: harclik-pazarligi | B33: 2 | C33: 5 yaş 7 ay | D33: 💰 | E33: İlk Harçlık Pazarlığı | F33: Pazar akşamı. Baban cüzdanını açtı: “Bundan sonra her hafta harçlığın var.” Avucuna iki bozukluk koydu. Sen bozukluklara baktın, sonra cüzdana; cüzdanda daha çok vardı. | H33: para
A34: okul-hazirligi | B34: 2 | C34: 5 yaş 9 ay | D34: 🎒 | E34: Okul Hazırlığı | F34: Çanta, harfler, defterler. Annen önlüğü üçüncü kez ütüledi; okula daha koca bir kış var. | H34: okul-iş | J34: 2
A35: tepsiyle-kayak | B35: 2 | C35: 5 yaş 10 ay | D35: 🛷 | E35: Tepsiyle Kayak | F35: Kar yağdı. Mahallenin en dik yokuşu trafiğe kapandı. Çocuklar mutfaklardan tepsi kaçırıyor.
A36: ilkokul-kapisi | B36: 2 | C36: 6 yaş | D36: 🏫 | E36: İlkokul Kapısı | F36: Büyük bina, küçük sıralar, bir sürü kural. Üstünde yepyeni bir önlük, yakanda annenin iğneyle taktığı nazar boncuğu. Kapıda ağlayan veliler var; ağlayanlar sizinkiler. | H36: okul-iş | I36: E
A37: ilk-ders | B37: 3 | C37: 6 yaş 1 ay | D37: ✏️ | E37: İlk Ders | F37: Okulun ilk günü. Annen hâlâ camın arkasından el sallıyor; öğretmen perdeyi çekti ve sordu: “Kim okumayı biliyor?” Yirmi sekiz çocuğun yarısı el kaldırdı, yarısı perdeye baktı. | H37: okul-iş | I37: E
A38: sira-arkadasi | B38: 3 | C38: 6 yaş 2 ay | D38: 🪑 | E38: Sıra Arkadaşı | F38: Yanına oturan çocuk kalemlerini sayıyor. Senin kalemlerini de. | H38: sosyal
A39: teneffus-kantini | B39: 3 | C39: 6 yaş 4 ay | D39: 🥪 | E39: Kantin Kuyruğu | F39: Teneffüs on dakika, kantin kuyruğu on iki dakika. Kantinci tek başına: bir elinde tost makinesinin kapağı, öbüründe para üstü. Öndeki üçüncü sınıflar seni görmüyor bile. | H39: para | I39: E
A40: odev-nerede | B40: 3 | C40: 6 yaş 7 ay | D40: 📚 | E40: Ödev Nerede? | F40: Sabah 07.40, servis kapıda korna çalıyor. Ödev defteri ne çantada ne masada. Annen bir yandan saçını tarıyor, bir yandan soruyor: “Yaptın, değil mi?” | H40: ev
A41: sinif-baskani | B41: 3 | C41: 7 yaş | D41: 🗳️ | E41: Sınıf Başkanlığı Seçimi | F41: Seçim var. Vaatler belli: daha uzun teneffüs, daha az ödev, sınıfa bir akvaryum. | H41: sosyal | I41: E
A42: davetiyeler | B42: 3 | C42: 7 yaş 3 ay | D42: 💌 | E42: Davetiyeler Dağıtıldı | F42: Sınıfta doğum günü davetiyeleri dağıtılıyor. Sende yok. Henüz. | H42: sosyal
A43: bayram-harcligi | B43: 3 | C43: 7 yaş 6 ay | D43: ✉️ | E43: Bayram Harçlığı | F43: Bayram. Eller öpüldü, kolonyalar döküldü, zarflar cebe girdi. Cebin hiç bu kadar kalın olmamıştı. | H43: para
A44: balkondaki-ucurtma | B44: 3 | C44: 7 yaş 8 ay | D44: 🪁 | E44: Balkondaki Uçurtma | F44: Uçurtman birinci kattaki balkonun korkuluğuna takıldı. Balkonun sahibi teyze memlekette. Bahçedeki dut ağacının bir dalı tam o korkuluğa uzanıyor.
A45: mahalle-maci | B45: 3 | C45: 7 yaş 10 ay | D45: 🥅 | E45: Mahalle Maçı | F45: Maç berabere. Son vuruş sende. Kalenin arkasında komşunun camı parlıyor.
A46: kedi-istiyoruz | B46: 3 | C46: 8 yaş | D46: 🐱 | E46: Bir Kedi Daha | F46: Bakkalın kedisi doğurdu; yavrular dağıtılıyor. Akşam yemeğinde konu açıldı: Bir tane de bize mi? Evin kedisi peteğin üstünden kulak kabartıyor. Babaannen şimdiden kaşlarını çattı. | H46: ev
A47: tablet-saati | B47: 3 | C47: 8 yaş 4 ay | D47: 🎮 | E47: Tablet Saati | F47: Ekran süresi günde bir saat. Oyunun bölüm sonu canavarı ise 61. dakikada. | H47: ev
A48: veli-toplantisi | B48: 3 | C48: 8 yaş 8 ay | D48: 🚪 | E48: Veli Toplantısı | F48: Annen içeride, öğretmenin karşısında. Sen koridorda, kapının önündeki sandalyedesin. İçeriden arada bir adın duyuluyor, arada bir de annenin “Yok canım!” demesi. | H48: okul-iş
A49: karne-gunu | B49: 3 | C49: 9 yaş | D49: 📜 | E49: Karne Günü | F49: Yılın son günü. Karne elinde. Eve kadar 800 metre, düşünmek için bolca zaman. | H49: okul-iş | I49: E
A50: b4-ilk-telefon | B50: 4 | C50: 10 yaş | D50: 📱 | E50: İlk Akıllı Telefon | F50: İlk akıllı telefonun kutudan çıktı. Daha ekran koruyucusu takılmadan baban telefonu aldı, gözlüğünü taktı ve bir saat boyunca “ebeveyn denetimi” kurdu. Sonra uzattı: “Güle güle kullan.” | G50: ev | H50: ev | I50: E
A51: b4-aile-grubu | B51: 4 | C51: 10 yaş 2 ay | D51: 👨‍👩‍👧 | E51: Aile Mesaj Grubu | F51: Aile mesaj grubuna eklendin. Grupta 34 kişi, sabah yedide atılmış on bir çiçekli günaydın ve kimsenin açmadığı bir sesli mesaj var. | G51: ev | H51: ev
A52: b4-oyun-faturasi | B52: 4 | C52: 10 yaş 5 ay | D52: 💎 | E52: Oyun İçi Satın Alma | F52: Oyundaki parlak kılıç yalnızca 'birkaç elmas'. Elmaslar gerçek parayla alınıyor. Kart, annenin telefonunda kayıtlı. | G52: ev | H52: para
A53: b4-flut | B53: 4 | C53: 10 yaş 6 ay | D53: 🎵 | E53: Müzik Dersi Flütü | F53: Müzik dersi için flüt alındı. Evdeki herkes önümüzdeki üç ayı sessizce kabullendi. | G53: ev | H53: okul-iş
A54: b4-sinif-grubu | B54: 4 | C54: 10 yaş 8 ay | D54: 💬 | E54: Sınıf Mesaj Grubu | F54: Sınıf mesaj grubu gece yarısı kaynıyor. Sen de yazıyorsun. Parmağın 'Gönder' tuşunun üstünde. | G54: sinif | H54: sosyal
A55: b4-kisa-video | B55: 4 | C55: 10 yaş 11 ay | D55: 🎬 | E55: Dans Trendi | F55: Kısa video uygulamasında yeni bir dans trendi var. Herkes yapıyor. Salonda yeterince yer, evde yeterince utanma yok. | G55: ev | H55: sosyal
A56: b4-kuzen-kiyaslama | B56: 4 | C56: 11 yaş | D56: 🏆 | E56: Kuzen Kıyaslaması | F56: Bayram ziyareti. Teyzenin oğlu matematik yarışmasında birinci olmuş. Bu bilgi sofraya üç kez servis edildi. | G56: ev | H56: ev
A57: b4-ekran-suresi | B57: 4 | C57: 11 yaş 1 ay | D57: 📊 | E57: Ekran Süresi Raporu | F57: Ailen haftalık ekran süresi raporunu açtı. Ortalama: günde 6 saat 12 dakika. En çok kullanılan uygulama: Hesap Makinesi. | G57: ev | H57: ev
A58: b4-mahalle-haraccilari | B58: 4 | C58: 11 yaş 3 ay | D58: 🧢 | E58: Köşedeki Üç Kişi | F58: Köşede üç büyük çocuk. 'Harçlığın var mı?' diye sordular. Telefonuna da ayrıca, uzun uzun baktılar. | G58: sokak | H58: para | I58: E
A59: b4-sivilce | B59: 4 | C59: 11 yaş 6 ay | D59: 🪞 | E59: Alındaki Misafir | F59: Sabah aynada bir misafir var: alnının tam ortasında. Bugün okul fotoğrafı çekilecek. | G59: ev | H59: ev
A60: b4-ses-catlamasi | B60: 4 | C60: 11 yaş 9 ay | D60: 🎤 | E60: Ses Çatlaması | F60: Sesli okuma sırası sana geldi. Sesin cümlenin ortasında bir oktav yukarı çıkacak mı, belli değil. | G60: sinif | H60: okul-iş | N60: erkek
A61: b4-ogretmenler-gunu | B61: 4 | C61: 11 yaş 11 ay | D61: 🎁 | E61: Öğretmenler Günü | F61: Veli grubunda öğretmen hediyesi için para toplanıyor. Bir anne “Herkes eşit versin” yazdı, öbür anne “Gönüllü olsun” diye cevap verdi. Üç baba ikisine birden başparmak bıraktı. | G61: sinif | H61: okul-iş
A62: b4-ilk-hoslanti | B62: 4 | C62: 12 yaş | D62: 💌 | E62: İlk Hoşlantı | F62: Sınıftaki biri hikâyeni beğendi. Saat 23.14'te. Bu saatte gelen beğeni sıradan bir beğeni değildir. Ekranı yirminci kez açtın. | G62: okul | H62: sosyal
A63: b4-grup-odevi | B63: 4 | C63: 12 yaş 1 ay | D63: 📝 | E63: Dört Kişilik Grup Ödevi | F63: Dört kişilik grup ödevi. Biri yapar, üçü 'katkı sağlar'. Hangisi olacağın bu akşamki mesajlarda belirlenecek. | G63: sinif | H63: okul-iş
A64: b4-okul-gezisi | B64: 4 | C64: 12 yaş 2 ay | D64: 🚌 | E64: Okul Gezisi | F64: Okul gezisi. Otobüsün arka koltukları ilk on saniyede kapıldı. Öğretmen sayım yapıyor; sayı tutmuyor. | G64: toplu-tasima | H64: sosyal
A65: b4-ayna | B65: 4 | C65: 12 yaş 3 ay | D65: 💇 | E65: Ayna Karşısında | F65: Bayram tatili, kuzenin yatıya kaldı. Banyoda aynanın karşısında saçını on beşinci kez düzelttin; kapının dışında üç kişi sıra bekliyor. | G65: ev | H65: ev
A66: b4-bilim-fuari | B66: 4 | C66: 12 yaş 5 ay | D66: 🌋 | E66: Bilim Fuarı | F66: Bilim fuarı. Masaların yarısında karbonatlı yanardağ var. Diğer yarısında ailelerin gece yaptığı projeler. | G66: okul | H66: okul-iş
A67: b4-kotu-not | B67: 4 | C67: 12 yaş 6 ay | D67: 📄 | E67: Sınav Kâğıdı | F67: Matematikten düşük not. Kâğıt veli imzası istiyor ve akşam yemeğinde biri mutlaka 'Okul nasıl?' diye soracak. | G67: mutfak | H67: okul-iş
A68: b4-kedinin-hesabi | B68: 4 | C68: 12 yaş 7 ay | D68: 🐈 | E68: Kedinin Hesabı | F68: Kediye bir video hesabı açtın. Kedinin hesabı bir haftada seninkini geçti. Kedi durumdan habersiz. Ya da öyle görünüyor. | G68: ev | H68: sosyal | K68: kediGeldi
A69: b4-dershane | B69: 4 | C69: 12 yaş 8 ay | D69: 📚 | E69: Dershane Broşürü | F69: Baban akşam eve bir dershane broşürüyle geldi, sofraya bıraktı: “Bir bak hele.” Broşürde gülümseyen öğrenciler var, fiyat küçük puntolu. Annen gözlüğünü taktı, fiyata baktı, gözlüğünü çıkardı. | G69: ev | H69: okul-iş
A70: b4-yanlis-grup | B70: 4 | C70: 12 yaş 9 ay | D70: 🙈 | E70: Yanlış Grup | F70: Arkadaşına 'Annem yine aynı yemeği yaptı' yazdın. Mesaj aile grubunda görünüyor. İki tik mavi. | G70: ev | H70: ev
A71: b4-apartman-toplantisi | B71: 4 | C71: 12 yaş 10 ay | D71: 🏢 | E71: Aidat Kuryesi | F71: Annen aidat zarfını sana verdi: “Yöneticiye götür, makbuz al.” Yönetici kapıyı açınca salonda sekiz komşunun oturduğunu gördün. Aidat artışı konuşuluyor; ortada bir tabak kuru pasta, kapıda sen ve zarf. | G71: apartman | H71: ev
A72: b4-yz-odev | B72: 4 | C72: 12 yaş 11 ay | D72: 🤖 | E72: Yapay Zekâ Ödevi | F72: Kompozisyon ödevi: 'Yaz tatilimi nasıl geçirdim.' Yapay zekâ bunu on saniyede yazar. Yazar ama senin tatilini bilmez. | G72: cocuk-odasi | H72: okul-iş
A73: b4-kisisel-oda | B73: 4 | C73: 13 yaş | D73: 🚪 | E73: Boş Oda | F73: Evdeki küçük oda boşaldı. Üç aday var: sen, annenin dikiş makinesi ve babanın koşu bandı. | G73: ev | H73: ev
A74: b4-fenomen-denemesi | B74: 4 | C74: 13 yaş 2 ay | D74: 🤳 | E74: Takipçi Avı | F74: Kısa video hesabının 47 takipçisi var. On ikisi akraba, üçü sensin, biri köşedeki bakkal. Kırk sekizinci kişiyi nereden bulacaksın? | G74: ev | H74: sosyal | J74: 2
A75: b4-haracci-rovans | B75: 4 | C75: 13 yaş 3 ay | D75: 🧢 | E75: Eski Tanıdıklar | F75: Köşedeki üç çocuk iki yaş büyümüş. Sen de. Köşeyi dönerken göz göze geldiniz; bu sefer ellerinde bir top var. | G75: sokak | H75: sosyal | K75: haracci-dusmani
A76: b4-kantin-ekonomisi | B76: 4 | C76: 13 yaş 4 ay | D76: 🥪 | E76: Kantin Ekonomisi | F76: Kantinde tost fiyatı yine arttı. Teneffüs kuyruğu on dakika. Teneffüs de on dakika. | G76: okul-bahcesi | H76: para
A77: b4-bayram-yatirim | B77: 4 | C77: 13 yaş 6 ay | D77: ✉️ | E77: Bayram Harçlığı Yönetimi | F77: Bayram geçti, zarflar toplandı. Bu yıl ilk kez 'Bu parayla ne yapacaksın?' diye soruldu. Cevap bekleniyor. | G77: ev | H77: para
A78: b4-ilk-bulusma | B78: 4 | C78: 13 yaş 7 ay | D78: 🍦 | E78: İlk Buluşma | F78: “Selam”dan bu yana bir buçuk yıl geçti: dört yüz mesaj, sıfır buluşma. Sonunda ekranda: “Hafta sonu çarşıda buluşalım mı?” Yanında arkadaş getirmek serbest. | G78: carsi | H78: sosyal | J78: 0.8 | K78: ilk-mesaj
A79: b4-spor-secmeleri | B79: 4 | C79: 13 yaş 8 ay | D79: ⚽ | E79: Takım Seçmeleri | F79: Okul takımı seçmeleri. Beden eğitimi öğretmeninin elinde düdük ve bir liste var. Listede şimdilik yalnızca onun yeğeni var. | G79: okul-bahcesi | H79: okul-iş | I79: E
A80: b4-eski-telefon | B80: 4 | C80: 13 yaş 9 ay | D80: 📦 | E80: İkinci El İlanı | F80: Yeni telefon için eskisini satmak lazım. İlan verdin. İlk mesaj: 'Son fiyat?' İkincisi: 'Bisikletle takas olur mu?' | G80: ev | H80: para
A81: b4-yaz-tatili | B81: 4 | C81: 13 yaş 10 ay | D81: 🏖️ | E81: Sinyalsiz Yaz | F81: Yazlığa gidildi. İnternet çekmiyor. Tek sinyal, balkonun köşesinde, tek ayak üstünde durunca. | G81: yazlik | H81: ev
A82: b4-dershane-denemesi | B82: 4 | C82: 13 yaş 11 ay | D82: 📋 | E82: Deneme Sonuçları | F82: Dershanede deneme sonuçları panoya asıldı. Herkes listeye yukarıdan bakmaya başladı. Sen aşağıdan başladın; daha hızlı. | G82: okul | H82: okul-iş | K82: dershaneli
A83: b4-lise-sinavi | B83: 4 | C83: 14 yaş | D83: ✏️ | E83: Lise Sınavı | F83: Lise sınavı günü. Binanın önünde veliler, termoslar ve son dakika tekrarı yapan bir kalabalık. Cebinde üç kalem; ikisi yedeğin yedeği. | G83: okul | H83: okul-iş | I83: E | Q83: 1 | R83: Üç yıllık test kitabı bu sabaha çıkıyordu. Buradan sonra dört yıl boyunca her sabah hangi kapıdan gireceğin belli olacak. | S83: İyi bir lise | T83: Mahallenin lisesi
A84: b5-lise-ilk-gun | B84: 5 | C84: 15 yaş | D84: 🏫 | E84: Lisede İlk Gün | F84: Lise kapısındasın. Yeni koridorlar, yeni öğretmenler; kimse seni tanımıyor. Annen arkandan son kez seslendi: “Sıra arkadaşını iyi seç!” Bütün koridor duydu. | G84: okul | H84: okul-iş | L84: okulu-birakti
A85: b5-sac-devrimi | B85: 5 | C85: 15 yaş 1 ay | D85: 💇 | E85: Saç Devrimi | F85: Aynaya baktın ve karar verdin: artık yeni bir sen gerekiyor. Berberin elindeki fotoğraf bir ünlüye ait. Kafa sana ait. | G85: carsi | H85: ev
A86: b5-kulup-secimi | B86: 5 | C86: 15 yaş 2 ay | D86: 🎭 | E86: Kulüp Seçimi | F86: Kulüp formu dağıtıldı. Seçenekler: tiyatro, münazara, satranç, fotoğrafçılık ve boş kalanlar için otomatik atama. | G86: okul | H86: okul-iş | L86: okulu-birakti
A87: b5-dershane-kaydi | B87: 5 | C87: 15 yaş 4 ay | D87: 📚 | E87: Dershane Kaydı | F87: Aile kararı: dershaneye yazılacaksın. Kayıt masasındaki danışman sana değil, babanın cüzdanına bakarak konuşuyor: “Bu yaş çok kritik.” Baban cüzdanı yavaşça arka cebine geri koydu. | G87: carsi | H87: para | J87: 1.5 | L87: okulu-birakti
A88: b5-sigara-teklifi | B88: 5 | C88: 15 yaş 6 ay | D88: 🚬 | E88: Arka Duvar | F88: Okulun arka duvarı. Biri paketi uzattı: 'Bir tane al.' Beş kişi bakıyor. Bakanların üçü aslında öksürüyor. | G88: okul-bahcesi | H88: sosyal | L88: okulu-birakti
A89: b5-mesaj-grubu | B89: 5 | C89: 15 yaş 8 ay | D89: 📱 | E89: Asıl Grup | F89: Sınıfın mesaj grubunun yanında bir de 'asıl grup' varmış. Sen yeni öğrendin. Yani sen asıl grupta değilsin. | G89: cocuk-odasi | H89: sosyal | L89: okulu-birakti
A90: b5-kantin-vergisi | B90: 5 | C90: 15 yaş 10 ay | D90: 🧾 | E90: Kapı Geçiş Ücreti | F90: Okul çıkışında üç kişi yolunu kesti: “Bu kapıdan geçiş haftalık. Bir tost parası.” Tarife tanıdık; tahsildarlar gençleşmiş. | G90: okul-bahcesi | H90: para | L90: okulu-birakti
A91: b5-ilk-sevgili | B91: 5 | C91: 16 yaş | D91: 💌 | E91: Parkta İlk Yüz Yüze | F91: Biriyle üç haftadır mesajlaşıyorsun. Bugün ilk kez yüz yüze buluşuyorsunuz. Parkta, bankta, arada bir karış mesafe var. | G91: park | H91: sosyal | I91: E | L91: ilk-bulusma-oldu | Q91: 2 | R91: Üç haftalık mesajlaşma bir bankta sınava dönüşüyor. Buradan ya bir sevgiliyle ya da yıllarca anlatılacak bir hikâyeyle çıkacaksın. | S91: İlk sevgili | T91: Anlatmalık bir hikâye
A92: b5-veli-bilgilendirme | B92: 5 | C92: 16 yaş 1 ay | D92: 📲 | E92: Canlı Yayın | F92: Okul yeni bir uygulamaya geçti: her not, girildiği saniye annenin telefonuna düşüyor. Annen bildirim sesini sonuna kadar açtı. Ev artık canlı yayında. | G92: ev | H92: okul-iş | L92: okulu-birakti
A93: b5-okul-temsilcisi | B93: 5 | C93: 16 yaş 2 ay | D93: 🗳️ | E93: Okul Temsilciliği | F93: Okul temsilcisi seçimi. Vaatler bu sefer daha büyük: kantine ikinci tost makinesi ve teneffüste telefon serbestisi. | G93: okul | H93: sosyal | I93: E | L93: okulu-birakti
A94: b5-yapay-zeka-odev | B94: 5 | C94: 16 yaş 3 ay | D94: 🤖 | E94: Ödev Asistanı | F94: Tarih ödevi yarın teslim. Yapay zekâ asistanı açık. İmleç yanıp sönüyor; vicdanın da. | G94: cocuk-odasi | H94: okul-iş | L94: okulu-birakti
A95: b5-akraba-sorgusu | B95: 5 | C95: 16 yaş 4 ay | D95: 🍽️ | E95: Ne Olacaksın? | F95: Bayram ziyareti. Salonda on bir akraba, bir tabak kuruyemiş ve tek bir soru: 'Ne olacaksın bakalım?' | G95: ev | H95: ev
A96: b5-okul-gezisi | B96: 5 | C96: 16 yaş 5 ay | D96: 🚌 | E96: Lise Gezisi | F96: Sınıf gezisi. Otobüs okulun önünde, annen camdan poğaça uzatıyor. Arka koltuk boş değil; tapulu. | G96: toplu-tasima | H96: sosyal | L96: okulu-birakti
A97: b5-fenomen-video | B97: 5 | C97: 16 yaş 6 ay | D97: 🎬 | E97: Bir Gecede | F97: Saç kurutma makinesini mikrofon yapıp söylediğin on beş saniyelik şarkı bir gecede patladı. Sayı her yenilemede artıyor. Kahvaltıda baban telefonu sana çevirdi: “Bu sen misin?” | G97: sokak | H97: sosyal
A98: b5-yaz-isi-garson | B98: 5 | C98: 16 yaş 7 ay | D98: 🫖 | E98: Yaz İşi: Çay Bahçesi | F98: Sahil çay bahçesinde garsonluk. Patron ilk gün tepsiyi eline verdi. On iki bardak, bir şekerlik, sıfır eğitim. | G98: sahil | H98: para
A99: b5-ilk-maas | B99: 5 | C99: 16 yaş 9 ay | D99: 💵 | E99: Yaz İşinin Zarfı | F99: Yaz boyunca çalıştın ve eline ilk zarf geçti. Zarf ince, ama senin. | G99: ev | H99: para
A100: b5-ayrilik | B100: 5 | C100: 16 yaş 10 ay | D100: 💔 | E100: Biraz Konuşabilir miyiz? | F100: Mesaj geldi: “Biraz konuşabilir miyiz?” Üç nokta göründü, kayboldu, yeniden göründü. Bu cümleyle başlayıp iyi biten bir konuşma bu mahallede hiç duyulmadı. | G100: kafe | H100: sosyal | K100: ilk-sevgili
...

Sheet Seçimler
A1: Olay ID | B1: Sıra | C1: Seçim metni | D1: Özellik | E1: Zorluk | F1: Kesin etki | G1: Kesin sonuç metni | H1: Başarı | I1: Kritik başarı | J1: Başarısız | K1: Kritik hata | L1: Yarım (mini oyun) | M1: Mini oyun | N1: Mini oyun başlığı | O1: Mini oyun ipucu | P1: Mini oyun ayarı | Q1: Gereken rozet | R1: Gereken hafıza | S1: İç ses açar | T1: Kazandırdığı rozet | U1: Seçince hafıza | V1: Başarıda hafıza | W1: Kritik hatada hafıza | X1: Silinen hafıza | Y1: Ölüm riski % | Z1: Ölüm sebebi | AA1: Aile desteği | AB1: Başarısızlıkta hafıza | AC1: Gereken varlık | AD1: Kazanç kademesi | AE1: Gereken aile desteği | AF1: Varlık kaybı | AG1: Engelleyen hafıza | AH1: Gereken özellik değeri | AI1: Lakap | AJ1: Cinsiyet
A2: dogum | B2: 1 | C2: Ağla | F2: Çene +1 | G2: Ağladın. Odadaki herkes rahat bir nefes aldı; babaannen “Ciğeri sağlammış” dedi. Hayattaki ilk övgünü aldın.
A3: dogum | B3: 2 | C3: Daha çok ağla | D3: Çene | E3: Orta | H3: Sesini biraz daha açtın. Hemşire koştu, baban ayağa fırladı. İlk dersin: bu evde sesi yükselten kazanıyor. | I3: Doğumhanedeki herkes aynı anda sustu, sonra hepsi sana koştu. İlk günden masada söz hakkın var. | J3: Daha çok ağladın ama yandaki bebek senden yüksek sesliydi. İlk gün, ilk rekabet. | K3: O kadar ağladın ki hıçkırık tuttu, sabaha kadar geçmedi. Babaannen “Nazar” dedi, annen “Açtır” dedi, doktor “Normal” dedi. Baban hepsini videoya çekti; video hâlâ aile grubunda. | T3: Ses Yükseltince Oluyor | AI3: Hıçkırık
A4: dogum | B4: 3 | C4: Etrafı izle | D4: Sosyal Radar | E4: Orta | H4: Konuşmadan önce ortamı okumayı seçtin. | I4: Odadaki altı kişiyi tek tek süzdün. Hemşire seni “müfettiş” diye çağırmaya başladı. | J4: Etrafı izledin ama ışıklar fazla parlaktı. Gördüğün tek şey tavandı. | K4: İzlemeye öyle daldın ki doktor seni bir saat gözleme aldı. Bütün aile camın önüne dizildi. Dünyadaki ilk saatin vitrinde geçti. | T4: Sessiz Gözlemci
A5: dogum | B5: 4 | C5: Sessiz kal | F5: Sosyal Radar +1 | G5: Sessiz kaldın. Önce doktor, sonra annen, sonra babaannen eğilip yüzüne baktı. Üçü de “Bir şey mi var?” dedi. Yoktu; sadece bakıyordun.
A6: gece-vardiyasi | B6: 1 | C6: Kendi kendine uyu | D6: Dayanıklılık | E6: Zor | H6: İki saat deliksiz uyudun. Annen de uyudu, baban da. Sabah ikisi de aynı şeyi söyledi: “Ne güzel bir geceydi.” İki saat. | I6: Sabaha kadar deliksiz uyudun. Annenle baban ise uyuyamadı; “Bu kadar sessiz olmaz” diye saatlerce başında nöbet tuttular. | J6: Gözlerini kapadın, açtın, kapadın. Uyku gelmedi; onun yerine babaannen geldi, “Gaz sancısı” dedi, karnını ovdu. | K6: Kendi kendine uyumaya çalışırken kendi kendini uyandırdın. Bu sinirle sabaha kadar daha çok ağladın. | L6: Yarım saat uyudun. Ev halkı bunu tam bir gece gibi kutladı. | M6: simon | N6: Ninni Sırası | O6: Sırayı dinle, aynı sırayla tekrar et. | P6: {"items": ["🌙", "🧸", "🍼", "🎵"]}
A7: gece-vardiyasi | B7: 2 | C7: Ağlayarak yardım çağır | D7: Çene | E7: Kolay | H7: Ağladın; annen geldi. Yarı uykuda, tek gözü kapalı, kolları açık. Ama geldi. | I7: Tek bir “ıngaa” ile bütün ev ayaklandı: annen biberonla, baban bezle, babaannen nazar boncuğuyla geldi. Üç çözüm, bir bebek. Hepsini kabul ettin. | J7: Ağladın; kapının ardından “Uyur şimdi” dendi. Uyumadın. Onlar uyudu. | K7: Ağladın, ev halkı seferber oldu. Annen, baban ve babaannen aynı anda “Ben bakarım” diye kapıya yüklendi; üçü birden kapıda sıkıştı. Yardım çağırdın, şimdi yardıma yardım lazım.
A8: gece-vardiyasi | B8: 3 | C8: Sessizce bekle | F8: Sosyal Radar +1 | G8: Sessizce tavana baktın. Sabah annen “Hiç ağlamadı” dedi; babaannen “Hasta mı?” diye alnına dokundu.
A9: yabanci-krizi | B9: 1 | C9: Anneni ara | D9: Sosyal Radar | E9: Kolay | H9: Anneni buldun, yüzünü omzuna gömdün. Teyze “Utangaçmış” dedi. Değildin; seçiciydin. | I9: Anneni tek bakışta buldun; yabancı, hiç yaklaşmamış gibi geri çekildi. | J9: Anneni aradın. Bulduğun kişi halanmış. | K9: Anne diye kucağına atladığın kişi yabancının ta kendisiydi.
A10: yabanci-krizi | B10: 2 | C10: Gözlüğüne saldır | D10: Cesaret | E10: Orta | H10: Bir hamlede gözlüğü kaptın. Teyze bir süre annene “Neredesin?” diye seslendi; annen yanındaydı. | I10: Gözlük elinde. Teyze ne olduğunu anlayana kadar sen çoktan zaferini ilan ettin. | J10: Teyze senden hızlı çıktı; gözlüğü cebine koydu, yanağını bir kez daha sıktı. | K10: Gözlüğe uzandın, küpesini yakaladın. Teyze çığlık attı, sen ağladın, annen bir saat özür diledi. Teyze bir daha gelmedi; küpenin öbür teki de. | L10: Parmakların çerçeveye değdi ama gözlük sende kalmadı. | M10: timing | N10: Gözlüğü Kap! | O10: Kırmızı işareti yeşil alanda durdur.
A11: yabanci-krizi | B11: 3 | C11: Kabullen | F11: Sosyal Radar +1 | G11: Kabullendin. İki yanağın da sıkıldı, kucaktan kucağa bir tur attın. Akşam yanakların hâlâ kırmızıydı; teyze çok memnun gitti.
A12: yabanci-krizi | B12: 4 | C12: Ağla | F12: Çene +1 | G12: Ağladın. Teyze “Ay, beni sevmedi” deyip geri çekildi ve annene küstü. Annen bunu bayrama kadar duyacak.
A13: yasak-nesne | B13: 1 | C13: Dokunma | F13: İtibar +1 | G13: Dokunmadın. Annen “Aferin” dedi ve şekerliği yine de vitrine kaldırdı. Güven var ama sınırlı.
A14: yasak-nesne | B14: 2 | C14: Anne çıkana kadar bekle | D14: Kurnazlık | E14: Kolay | H14: Annen telefona döndüğü an şekerliği okşadın: soğuk, kaygan, güzel. Annen döndüğünde elin dizindeydi. | I14: Anne çıktı, sen aldın, anne döndü, nesne yerindeydi. Kimse hiçbir şey anlamadı. | J14: Beklerken uyuyakaldın. Uyandığında şekerlik vitrine dönmüştü. | K14: Annen çıkmadı; kapı aralığından izledi. Elin şekerliğe değdiği an “Gördüm!” dedi. Şekerlik vitrine, sen oyun parkına kaldırıldın.
A15: yasak-nesne | B15: 3 | C15: Direkt al | D15: Pişkinlik | E15: Kolay | H15: Aldın. Annen “Bırak” dedi; bırakmadın. Misafir “Aman, çocuk işte” dedi. Misafir sayesinde bir dakika senindi. | I15: Aldın ve kimse itiraz edemedi. Yüz ifaden tüm soruları cevapladı. | J15: Uzandın; şekerlik sehpanın ortasındaydı, kolun kenarında kaldı. | K15: Aldın, düşürdün, kırdın. Babaannenin çeyizinden kalan şekerlikmiş. O akşam misafire şeker tabakta geldi; herkes nedenini biliyordu.
A16: ilk-kelime | B16: 1 | C16: Anne | F16: Gönül +1 | G16: “Anne” dedin. Annen ağladı. Baban “Ben de buradayım” dedi; kimse duymadı.
A17: ilk-kelime | B17: 2 | C17: Baba | F17: Çene +1 | G17: “Baba” dedin. Baban o akşam bütün sülaleyi aradı. Annen “Dokuz ay ben taşıdım” diye mırıldandı.
A18: ilk-kelime | B18: 3 | C18: Mama | F18: Dayanıklılık +1 | G18: “Mama” dedin. Önce herkes güldü, sonra herkes mutfağa koştu. Bu kelime hâlâ işe yarıyor.
A19: ilk-kelime | B19: 4 | C19: Para | D19: Kurnazlık | E19: Zor | H19: “Para” dedin. Salon sustu. Deden gülmeye başladı; annen “Kimden duydu bunu?” diye babana baktı. | I19: “Para” dedin ve elini uzattın. Deden cüzdanını çıkardı. Aile bunu hâlâ konuşuyor. | J19: “Para” dedin ama televizyon açıktı, kimse duymadı. Yine de sen ne dediğini biliyorsun. | K19: “Para” dedin. Babaannen üç gün boyunca seni “küçük tefeci” diye çağırdı. | T19: Kumbara Çocuğu | V19: ilkKelimePara | AI19: Küçük Tefeci
A20: ilk-adimlar | B20: 1 | C20: Koşmayı dene | D20: Cesaret | E20: Orta | H20: Yürümeden önce hızlanmayı tercih ettin. Adımlar sallantılı ama gerçek. | I20: İki ayağın da yerde, rüzgâr arkanda. Bir anlığına evren dengede. | J20: Denge seni henüz ikna etmedi. | K20: Bir adım attın. Yer senden daha hızlı davrandı. | L20: Bir adım, sonra güvenli bir oturuş. | M20: timing | N20: Dengede Kal | O20: İbre yeşil alandayken DURDUR'a bas. Art arda tutturdukça kombo kazanırsın.
A21: ilk-adimlar | B21: 2 | C21: Mobilyaya tutun | D21: Dayanıklılık | E21: Çok Kolay | H21: Koltuğa tutundun, sehpaya geçtin, sehpada durdun. Üstündeki çay bardakları tıkırdadı; annen koştu, sen gülümsedin. | I21: Koltuktan sehpaya, sehpadan kapıya: evin bütün tutunacak yerlerini bir turda gezdin. Baban “Bu çocuk yürüdü sayılır” dedi. | J21: Tuttuğun mobilya tekerlekliymiş. | K21: Tuttuğun şey masa örtüsüydü. Üstündekilerle birlikte indin.
A22: ilk-adimlar | B22: 3 | C22: Önce diğerlerini izle | D22: Akıl | E22: Kolay | H22: Babanı izledin: önce bir ayak, sonra öbürü. Denedin: iki adım, bir koltuk. Baban “Benden öğrendi” dedi; doğruydu. | I22: Kediyi izledin: dört ayak daha dengeli, iki ayak daha prestijli. Prestij kazandı. | J22: İzledin, izledin. O sırada herkes oturuyordu. | K22: Örnek aldığın kişi dedendi. Bir adım, bir “of”, bir bel tutma. Yürümeyi değil “of”u öğrendin; bir hafta her kalkışta “of” dedin.
A23: masadaki-telefon | B23: 1 | C23: Dokunma | F23: İtibar +1 | G23: Dokunmadın. Annen “Bak, bizimki telefona bakmıyor” dedi; komşuya, telefondan.
A24: masadaki-telefon | B24: 2 | C24: Ekranı kurcala | D24: Kurnazlık | E24: Kolay | H24: Ekranı açtın, her yere bastın. Telefonun dili değişti; baban üç gün Öte Diyar diliyle idare etti. | I24: Ekranı açtın ve babanın çalma listesini 'Ninniler' olarak güncelledin. | J24: Ekran kilitliydi. Sen de bir süre kilitlendin. | K24: Rastgele dokunuşların babanın patronunu görüntülü aradı. Patron açtı. Ekranda sen, arkada atletle koşturan baban.
A25: masadaki-telefon | B25: 3 | C25: Gizlice al | D25: Kurnazlık | E25: Zor | H25: Telefonu aldın; kilidi açamadın ama kamerayı açtın. Kırk üç fotoğraf: tavan, burun, tavan. | I25: Telefonu aldın, bir oyun açtın, rekor kırdın. Kimse şifreyi nasıl bildiğini anlamadı. | J25: Telefon elinde titreşti; irkildin, bıraktın. Halıda titremeye devam etti, sen de. | K25: Telefonu aldın ve doğrudan su bardağına bıraktın. Pirinç torbası devreye girdi. | T25: Şifreyi Bilen
A26: dogum-gunu-pastasi | B26: 1 | C26: Bekle | D26: Dayanıklılık | E26: Kolay | H26: Pasta hâlâ orada. Sen de hâlâ buradasın. | I26: Sabrın ödüllendirildi: en büyük dilim, üstünde çilekle sana geldi. | J26: Bekledin, bekledin; sıra sana geldiğinde kremalı kısım bitmişti. | K26: Bekledin, bekledin, uyuyakaldın. Uyandığında pasta bitmişti; sana mum kaldı. Fotoğraflarda herkes yiyor, sen uyuyorsun.
A27: dogum-gunu-pastasi | B27: 2 | C27: Pastaya erken saldır | D27: Pişkinlik | E27: Orta | H27: Şarkı bitmeden parmağını kremaya daldırdın. Teyzen “Dur!” dedi; parmak çoktan ağzındaydı. | I27: Pastanın en güzel köşesi artık senin. Herkes alkışladı, çünkü başka seçenek yoktu. | J27: Uzandın, biri tabağı kaydırdı. Elin havayı kremaladı. | K27: Pastaya daldın. Pasta da sana daldı. Aile albümüne kalıcı kayıt. | AI27: Kremalı
A28: dogum-gunu-pastasi | B28: 3 | C28: Mumları önce üfle | D28: Pişkinlik | E28: Orta | H28: Doğum günü sahibinin kim olduğu geçici olarak belirsizleşti. | I28: Mumları söndürdün, dilek tuttun, alkışları topladın. Hediyeler de yön değiştirmek üzere. | J28: Üfledin ama mumlar senden daha kararlıydı. | K28: Üfledin; mum yerine pastanın süsü uçtu. Doğum günü çocuğu ağlamaya başladı. | L28: Mumların yarısı söndü, yarısı direndi. Kuzenin kalanları üfledi; alkış ikinize bölündü. | M28: timing | N28: Mumu Üfle | O28: İbre yeşil alandayken DURDUR'a bas. Art arda tutturdukça kombo kazanırsın. | T28: Sahne Sever
A29: vazo-kirildi | B29: 1 | C29: Bekle | F29: İtibar +2 | G29: Parçaların yanında bekledin. Annen geldi; önce ellerine baktı, sonra vazoya. “Elini kestin mi?” Kesmemiştin. Vazo ikinci sıradaydı.
A30: vazo-kirildi | B30: 2 | C30: Kaç | D30: Kurnazlık | E30: Orta | H30: Kaçtın, yatağına girdin, uyuyormuş gibi yaptın. Annen geldi, baktı, inanmadı; ama kanıt da bulamadı. | I30: Kaçtın ve üç dakika sonra 'Ne oldu?' diye içeri girdin. Annen bile inandı; babaannen 'Bu çocuk oyuncu olur' dedi. | J30: Kaçarken terlikler ses yaptı. Şüpheli tespit edildi. | K30: Kaçarken ikinci vazoyu da devirdin. O da babaannenindi; babaannen bu akşam yemeğe geliyor.
A31: vazo-kirildi | B31: 3 | C31: Kediyi suçla | D31: Pişkinlik | E31: Çok Zor | H31: Savunma yaratıcıydı. Kedinin odada olmaması küçük bir ayrıntıydı. | I31: Kedi mahkûm edildi. Mama tayınları kısıldı. Sen o gece iki tatlı yedin. | J31: Kediye baktın. Kedi sana baktı. Ailen ikinize de baktı. Kimse ikna olmadı. | K31: Kediyi suçladın. Kedi o sırada annenin kucağındaydı. | U31: kediSuclu | AI31: Kedinin Savcısı
A32: vazo-kirildi | B32: 4 | C32: Ayak seslerini say, tam zamanında ağla | D32: Çene | E32: Kolay | H32: Ağladın. Annen seni kucağına aldı, sırtını sıvazladı; vazoyu ancak sen susunca hatırladı. | I32: Ağladın; anne vazoyu değil seni sordu. Vazo resmî kayıtlara 'kaza' olarak geçti. | J32: Ağladın; anne önce vazoya baktı. Sonra sana. Sonra yine vazoya. | K32: Ağladın ama kediyle aynı anda. Anne ikinizi de şüpheli ilan etti. | S32: Sosyal Radar
A33: vazo-kirildi | B33: 5 | C33: Parçaları sakla | D33: Kurnazlık | E33: Orta | H33: Parçaları koltuğun altına ittin. Annen vazoyu üç gün sonra aradı. Üç gün, şüpheli listesinden düşmeye yetti. | I33: Parçalar göz açıp kapayıncaya kadar kayboldu. Vazo hiç var olmamış gibi. | J33: Parçalar senden hızlı yayıldı. | K33: Parçaları toplarken daha fazla ses çıkardın. Ev halkı toplandı. | L33: Çoğunu sakladın ama bir parça hâlâ şüpheli biçimde ortada. | M33: collect | N33: Delilleri Topla | O33: Parçalar fark edilmeden önce hepsine dokun. | P33: {"piece": "🧩"}
A34: ilk-harclik | B34: 1 | C34: Annene ver | F34: İtibar +1 | G34: Paraları annene uzattın. “Benim akıllı evladım” dedi, cebine koydu. Para bir daha görünmedi; “akıllı evlat” kaldı.
A35: ilk-harclik | B35: 2 | C35: Oyuncak iste | F35: Çene +1 | G35: Parayı uzatıp “Oyuncak” dedin. Para yetmedi, farkı deden ödedi. Oyuncak iki gün dayandı; deden hâlâ hatırlatıyor.
A36: ilk-harclik | B36: 3 | C36: Parayı sakla | D36: Kurnazlık | E36: Zor | H36: Paraları yastığının altına sakladın. Annen çarşaf değiştirirken buldu, geri koydu, hiçbir şey demedi. İkiniz de biliyorsunuz. | I36: Parayı sakladın, bir hafta sonra unuttuğun bir sürpriz olarak buldun. Faiz kavramına ilk adım. | J36: Sakladığın yeri unuttun. Para artık evin ortak mirası. | K36: Parayı çorabının içine sakladın. Akşam çorap çamaşıra gitti. Para makinede; sesi hâlâ geliyor. | T36: Yastık Altı Ekonomisti
A37: ilk-harclik | B37: 4 | C37: Bir çocukla takas yap | D37: Çene | E37: Zor | H37: İki bozukluk verdin, bir oyuncak araba aldın. Kuzeninin annesi “O arabayı biz almıştık” dedi. Anlaşma geçerli, teyze küs. | I37: İki bozuk parayı bir oyuncak arabaya çevirdin, sonra arabayı üç bozuk paraya. Kârdasın. | J37: Parayı uzattın. Çocuk baktı, krakerini yedi, gitti. | K37: Takas ettin: bütün bozukluklar gitti, eline ısırılmış yarım bir kraker geçti. Öbür çocuk annesine “Kazandım” dedi. Haklıydı. | T37: Küçük Tüccar
A38: ilk-harclik | B38: 5 | C38: Faiz sor | D38: Kurnazlık | E38: Kolay | H38: Parayı dedene geri uzattın: “Daha.” Deden güldü, bir bozukluk daha koydu. Ailede faiz ilk kez böyle konuşuldu. | I38: “Daha” dedin, deden verdi. “Daha” dedin, babaannen verdi. Avucun dolduğunda halan “Bu çocuk bizi bitirecek” dedi. | J38: “Daha” dedin. Kimse paradan bahsettiğini anlamadı; eline bir bisküvi tutuşturdular. | K38: “Daha” dedin, elini uzattın. Babaannen paranın hepsini aldı: “Çocuk açgözlü olmasın.” Para gitti, bisküvi de gelmedi. | R38: ilkKelimePara
A39: oyuncak-krizi | B39: 1 | C39: Paylaş | D39: Gönül | E39: Zor | H39: Kovayı ona bıraktın. Ağlamadın. Annen bunu akşam babana üç kez anlattı. | I39: Kovayı bıraktın, küreği de uzattın. Birlikte kule yaptınız. İki anne yan yana oturdu; yıllar sürecek bir komşuluk kum havuzunda başladı. | J39: Paylaşmayı denedin. Elin bırakmadı. İki yaşında el, kafadan hızlıdır. | K39: Paylaştın. Çocuk kovayı kumla doldurdu ve kafana boşalttı. Saçından bir hafta kum döküldü.
A40: oyuncak-krizi | B40: 2 | C40: Başka oyuncak teklif et | D40: Çene | E40: Kolay | H40: “Bunu al, kovamı ver” dedin. Düşündü, kabul etti. İkiniz de kazandığınızı sanıyorsunuz. | I40: Eski oyuncağını teklif ettin, yenisini geri aldın, karşı taraf sana teşekkür bile etti. Tarihe 'başarılı takas' olarak geçti. | J40: Teklif ettin. Baktı, burnunu kırıştırdı, kovayla oynamaya devam etti. | K40: Teklif ettiğin oyuncağı da aldı. Şimdi resmen iki oyuncak açığın var.
A41: oyuncak-krizi | B41: 3 | C41: Elinden al | D41: Cesaret | E41: Orta | H41: Çektin, aldın, arkanı döndün. O ağladı, sen oynadın. Annen “Ver” dedi; vermedin. Bu kez annen sustu. | I41: Tek hamlede aldın. Karşı taraf itiraz edecek kelimeyi daha bulamadan sen çoktan oynamaya başlamıştın. | J41: Çektin, o da çekti. Oyuncak artık ikiye bölünme tehdidiyle yaşıyor. | K41: Çektin, o bıraktı, sen düz popo üstü oturdun. Kum havuzu tarihine geçtin, ama yanlış sebepten.
A42: oyuncak-krizi | B42: 4 | C42: Sıkılmasını bekle | D42: Dayanıklılık | E42: Kolay | H42: Bekledin. Beş dakika sonra kova onu sıktı; bıraktı, salıncağa koştu. Kova yine senin. | I42: O sıkıldı, oyuncağı bıraktı, üstüne bir tane daha verdi — belli ki suçluluk duydu. | J42: O sıkılmadı. Sıkılan sendin, üstelik daha erken. | K42: Bekledin; bu arada annesi “Hadi gidiyoruz” dedi, kova da gitti. Annen “Bir tane daha alırız” dedi. Almadı.
A43: aile-toplantisi | B43: 1 | C43: Dinle | D43: Sosyal Radar | E43: Kolay | H43: Yetişkinlerin söylediklerinden çok söylemediklerini duydun. | I43: Büyüklerin fısıldadığını yakaladın: yaz tatili iptal değil, ertelenmiş. Bütün akşam herkesten önce sen sevindin. | J43: Dinledin ama kelimeler çok uzundu. | K43: Dinlerken bir kelime kaptın; akşam misafirlerin önünde tekrar ettin: “Cimri.” Misafir, hakkında konuşulan amcandı.
A44: aile-toplantisi | B44: 2 | C44: İlgi çek | D44: Pişkinlik | E44: Orta | H44: Salonun ortasında dans ettin. Konuşma durdu, telefonlar çıktı. Videon o akşam aile grubundaydı. | I44: Dans ettin; önce deden kalktı, sonra halan. Salon düğüne döndü, konuşulacak her şey seneye kaldı. | J44: Dans ettin, kimse bakmadı. Bütçe konuşuluyordu. | K44: İlgi çekmek için boş bardaklı tepsiye uzandın. Tepsi halıya, bardaklar dört yöne, misafir koltuğun üstüne. Erkenden yatağa gönderildin; kahkahalar yatağına kadar geldi.
A45: aile-toplantisi | B45: 3 | C45: Oyuncağınla ilgilen | F45: Dayanıklılık +1 | G45: Oyuncağınla oynadın. Büyükler konuştu, karar verdi, sana sormadı. Karar: “Yazın babaanneye gider.”
A46: parkta-sira | B46: 1 | C46: Sıraya gir | F46: İtibar +1 | G46: Sıraya girdin, bekledin, kaydın. Annen banktaki herkese “Bizimki sıraya giriyor” dedi.
A47: parkta-sira | B47: 2 | C47: Öne geç | D47: Pişkinlik | E47: Orta | H47: Öne geçtin. Toplumsal tepki geldiğinde sen zaten aşağı kayıyordun. | I47: Öne geçtin ve kimse fark etmedi. Hatta biri sana yer verdi. | J47: Öne geçmeye çalıştın; sıradaki anneler komitesi seni geri gönderdi. | K47: Öne geçtin, kaydın; kaydırağın dibindeki su birikintisine oturdun. Sıradakiler alkışladı. Annen havluyu evde unutmuştu. | L47: Yarıya kadar geldin. Sonra biri seni fark etti. Yarım zafer. | M47: fight | N47: Sıranın Arasından Geç | O47: Engelin olmadığı şeride geç. | P47: {"mode": "dodge", "obstacles": ["🧒", "👧", "🧒🏽", "👦"]}
A48: parkta-sira | B48: 3 | C48: Konuşarak çöz | D48: Çene | E48: Kolay | H48: “Ben küçüğüm” dedin. Önündeki iki çocuk sana yol verdi. Küçük olmanın son günleri; iyi kullandın. | I48: Konuştun ve sıradaki herkes sana geçiş hakkı verdi. Nedeni belirsiz. | J48: Konuştun; herkes dinledi, kimse kıpırdamadı. | K48: Konuştun, konuştun. Sen konuşurken arkadaki üç çocuk önüne geçti. Kaydırak kapandığında hâlâ konuşuyordun.
A49: parkta-sira | B49: 4 | C49: Sırayı izle | D49: Sosyal Radar | E49: Kolay | H49: Sıradakilerin yarısının sırada değil, annesini beklediğini fark ettin. Gerçek sıranın başına geçtin. | I49: Sıranın aslında iki ayrı sıra olduğunu fark ettin ve boş olanına geçtin. | J49: İzledin; sıra hiç ilerlemedi. Kaydırak kapandı. | K49: Sırayı izlemeye öyle daldın ki en sonda kaldın. Tam sıra sana gelince annen “Hadi eve” dedi.
A50: kim-yapti | B50: 1 | C50: Doğruyu söyle | F50: İtibar +2 | G50: “Ben yaptım” dedin. Baban güneşe bir süre baktı, sonra fotoğrafını çekti. Duvar silindi; fotoğraf aile grubunda hâlâ duruyor.
A51: kim-yapti | B51: 2 | C51: Bilmiyorum de | D51: Çene | E51: Orta | H51: “Bilmiyorum” dedin. Baban duvara, sonra sana baktı; soruşturma yemekten sonraya ertelendi. Yemekten sonra herkes unuttu. | I51: “Bilmiyorum” dedin; o kadar inandırıcıydın ki baban annene sordu. Annen de bilmiyordu. Dosya kapandı, sana dondurma verildi. | J51: “Bilmiyorum” dedin. Parmaklarındaki mavi mürekkep “Biliyorum” dedi. | K51: “Bilmiyorum” dedin ve hemen ardından “Ama güneşi ben çizmedim” ekledin. Kimse güneş dememişti.
A52: kim-yapti | B52: 3 | C52: 'Siz ne düşünüyorsunuz?' diye sor | D52: Akıl | E52: Orta | H52: “Sence kim yaptı?” diye sordun. Baban teorisini anlatırken imzanın kuzeninkine benzediğine kendisi karar verdi. | I52: Baban cevap verirken güneşin aslında çok güzel olduğunu fark etti. Duvar silinmedi; etrafına çerçeve çizildi. | J52: “Soruyu ben sordum” dedi baban. Kalemin kapağı hâlâ elinde. | K52: Soruyu sordun; baban “Sen yaptın” dedi ve kalemi cebinden çıkardı. Kendi sorunla yakalandın. | S52: Akıl
A53: kim-yapti | B53: 4 | C53: Başkasını suçla | D53: Pişkinlik | E53: Çok Zor | H53: Kuzeni suçladın. Kuzen geçen hafta da gelmişti; tarih tutuyordu. Dosya kuzenin annesine gönderildi. | I53: Kuzen o kadar suçlu göründü ki kendi annesi bile inandı. Kuzen hâlâ hangi güneşi çizdiğini hatırlamaya çalışıyor. | J53: Suçladığın kuzen o hafta tatildeydi. Güneşi oradan çizemezdi. | K53: Suçladığın kuzen, çizerken seni videoya çekmişti. Video aile grubunda; güneş de, sen de net. | U53: yalanci | AI53: Güneş Ressamı
A54: kim-yapti | B54: 5 | C54: Kediyi yine suçla | D54: Pişkinlik | E54: Zor | H54: Kedi ikinci kez mahkûm edildi. Patilerinde mürekkep yoktu ama kedi itiraz da etmedi. Artık sabıkalı. | I54: Kedi öyle ikna edici biçimde suçlandı ki bir haftalığına teyzene gönderildi. Ev sessiz, duvar temiz, sen memnun. | J54: “Kedi mi?” dedi baban. “Kedi keçeli kalemin kapağını nasıl açsın?” | K54: Kediyi suçladın. Kedinin patileri beyazdı, seninkiler mavi. Artık ikinizi ayrı ayrı sorguluyorlar. | R54: kediSuclu | U54: yalanci
A55: kres-kapisi | B55: 1 | C55: Bacağına sarıl | F55: Gönül +1 | G55: Annenin bacağına sarıldın. Annen “Beş dakika” dedi; beş dakika kırk dakika sürdü. Sonunda öğretmen ikinizi birden içeri aldı. | U55: yapiskan
A56: kres-kapisi | B56: 2 | C56: İçeri gir | D56: Cesaret | E56: Orta | H56: İçeri girdin, bir kez arkana baktın. Annen el salladı; sen sallamadın, oyuncak köşesi daha ilginçti. Annen kapıda biraz daha durdu. | I56: İçeri girdin, arkana bakmadın, öğle yemeğinde masa başkanıydın. | J56: Kapıya kadar gittin, geri döndün. Plan B: yarın. | K56: İçeri girdin; yanlış sınıfa. Bir saat bebek grubunda kaldın.
A57: kres-kapisi | B57: 3 | C57: Önce ortamı izle | D57: Sosyal Radar | E57: Kolay | H57: Kim kimdir, kim neye sahip, hızlıca kaydettin. | I57: Beş dakikada sınıfın haritasını çıkardın: en iyi oyuncak, en iyi köşe, en tatlı öğretmen. | J57: İzlerken kapı kapandı. Ortam içeride kaldı, sen dışarıda. | K57: İzlerken biri seni yeni oyuncak sandı.
A58: kres-kapisi | B58: 4 | C58: Kapıda veda turu at | D58: Pişkinlik | E58: Orta | H58: Kapıda herkese tek tek el salladın. İki veli alkışladı, öğretmen bir şey not etti. | I58: Veda turun o kadar etkileyiciydi ki diğer çocuklar da el sallamaya başladı. Kreşin ilk sabahını sen yönettin. | J58: El salladın; kimse bakmadı. Herkes kendi ağlamasıyla meşguldü. | K58: Turu fazla uzattın. Kapı kapandı, sen dışarıda kaldın. Seyircisiz bir gösteri. | T58: Sahne Sever
A59: ilk-arkadas | B59: 1 | C59: İsmini söyle | F59: Çene +1 | G59: Adını söyledin, o da söyledi. İkiniz de hemen unuttunuz; kuma bakıp beraber oynadınız. Ertesi gün yine sordunuz.
A60: ilk-arkadas | B60: 2 | C60: Oyuncağını sor | D60: Çene | E60: Kolay | H60: “Bu ne?” dedin. “Dinozor” dedi. “Benim de var” dedin; yoktu. Arkadaş oldunuz. | I60: Oyuncağını sordun; bütün oyuncaklarını tek tek, adlarıyla gösterdi. Öğlene kadar bitmedi. Dost oldunuz. | J60: Sordun, cevap vermedi. Oyuncak daha ilginçti. | K60: “Bu ne?” dedin. Oyuncağı göğsüne bastırıp bütün bahçeye bağırdı: “BENİİİM, VERMEM!” Öğretmen koşup ikinizi ayırdı. Akşam kapıda annene “Bugün oyuncak kavgası çıkardı” dedi; sen yalnızca sormuştun.
A61: ilk-arkadas | B61: 3 | C61: Konuşmadan yanında dur | D61: Sosyal Radar | E61: Kolay | H61: Yan yana oturdunuz, ikiniz de kumu eşelediniz; tek kelime konuşmadınız. Akşam annen “Arkadaşının adı ne?” diye sordu. “Kürek” dedin. | I61: Hiç konuşmadınız. Ertesi gün aynı saatte aynı kum havuzunda buluştunuz; yine konuşmadınız. Öğretmen iki anneye de aynı şeyi söyledi: “Bunlar nasıl anlaşıyor, ben de anlamadım.” | J61: Sessizlik biraz garipti. | K61: Sessizce durdun. O da durdu. Öğretmen “Siz niye küstünüz?” diye ikinizi barıştırdı. Daha tanışmamıştınız.
A62: ilk-arkadas | B62: 4 | C62: Elinden tut, kaydırağa götür | D62: Cesaret | E62: Orta | H62: Elinden tuttun; şaşırdı ama geldi. İki tur kaydınız. Üçüncüde o seni çekti. | I62: Elinden tuttun, kaydırağa koştunuz. Öğlene kadar on kez kaydınız; isimlerinizi akşam öğrendiniz. | J62: Elinden tuttun; elini çekti. Kaydırağa tek gittin, tek kaydın. Aşağıda seni bekliyordu ama. | K62: Elinden fazla hızlı çektin; kum havuzuna oturdu ve ağladı. Öğretmen seni adını öğrenmeden “iten çocuk” diye tanıdı.
A63: oyuncagimi-aldi | B63: 1 | C63: Geri iste | D63: Cesaret | E63: Kolay | H63: “O benim elimdeydi!” dedin. Öğretmen duydu, araba sana döndü. | I63: “O benim elimdeydi! Araba da beni seviyor!” dedin. Çocuk arabaya baktı, sana baktı, geri verdi; giderken bir de “Pardon” dedi. Öğretmen bunu öğle çayında bütün öğretmenlere anlattı. | J63: İstedin. Duymamış gibi yaptı. | K63: İstedin; o da elindeki küreği istedi. Öğretmen geldi, ikisini de aldı, rafa koydu. İkiniz de eli boş kaldınız.
A64: oyuncagimi-aldi | B64: 2 | C64: Elinden al | D64: Cesaret | E64: Orta | H64: Arabayı çektin, geri aldın. Öğle yemeğine kadar bakıştınız; araba sende, kaş çatıklığı onda. | I64: Arabayı tek hamlede geri aldın. Çocuk ağzını açtı, kapadı, gidip boyama masasına oturdu. Akşam annene “Bugün ben kazandım” dedin; neyi kazandığını anlatmadın. | J64: Aldın, geri aldı. Oyun berabere. | K64: Arabayı çektiğin an öğretmen döndü. Onun aldığını görmemişti; senin çektiğini gördü. Akşam kapıda annene “Bugün biraz sert oynadı” dedi; annen eve kadar elini bırakmadı ama tek kelime de etmedi.
A65: oyuncagimi-aldi | B65: 3 | C65: Takas öner | D65: Kurnazlık | E65: Kolay | H65: “Sen bunu al, ben onu alayım” dedin. Kabul etti. İkiniz de kandırıldığınızı düşünüyorsunuz; iyi takas böyle olur. | I65: Takas ettin, üstüne bir kurabiye aldın. Kurabiyeyi ikiye böldün; yarısını ona geri sattın. | J65: Teklif ettin. “Seninki eski” dedi. Eskiydi. | K65: Takas ettin; eline geçen bebek, sınıftaki ikizlerden birinin bebeğiymiş. Şimdi karşında aynı yüzden iki tane var ve ikisi aynı anda ağlıyor. Öğretmen bebeğin hangisinin olduğunu çözene kadar sen köşede bekledin.
A66: oyuncagimi-aldi | B66: 4 | C66: Öğretmene söyle | F66: İtibar +1 | G66: Öğretmene söyledin. Öğretmen “Paylaşın” dedi ve arabayı aldı. İkiniz de kaybettiniz; ilk kez aynı taraftasınız.
A67: ogretmen-yanlis-anladi | B67: 1 | C67: Kendini anlat | D67: Çene | E67: Kolay | H67: Anlattın. Öğretmen dinledi, “Haklısın” dedi. İlk kez bir büyük sana “haklısın” dedi. | I67: Öyle net anlattın ki öğretmen özür diledi ve seni günün yardımcısı yaptı. Suyu dökene kâğıt havluyu sen verdin. | J67: Anlatmaya başladın; kelimeler bitti, hıçkırık başladı. Öğretmen “Tamam, tamam, ağlama” dedi; bezi yine de sana verdi. | K67: Anlatırken ellerini kollarını salladın; ikinci bardağı da devirdin. Öğretmen iki bardağa baktı, sonra sana: “Bunu da mı başkası döktü?” Bütün sınıf da sana baktı.
A68: ogretmen-yanlis-anladi | B68: 2 | C68: Sakin kal | D68: İtibar | E68: Kolay | H68: Sakin kaldın, bezi aldın, sildin. Öğretmen “Dökmedin ama sildin” dedi; bunu aklında tuttu. | I68: Sakin kaldın. Öğretmen yerdeki izi takip etti; iz, asıl dökenin ıslak çoraplarına çıktı. Öğretmen “Kusura bakma kuzum” dedi; akşam annen “Bizimki yalan söylemez” deyip sana dondurma aldı. | J68: Sakin durdun ama alt dudağın öne çıktı; dudağın senden önce konuştu. Öğretmen “O dudağı topla bakalım” dedi. | K68: Sakin kaldın. Öğretmen “İnkâr bile etmiyor” dedi. On dakika köşede durdun; asıl dökenin yanında.
A69: ogretmen-yanlis-anladi | B69: 3 | C69: Boş ver | F69: Dayanıklılık +1 | G69: Boş verdin. Öğretmen ertesi gün hatırlamadı bile. Sen hatırlıyorsun; öğretmenin adını unutacaksın, o bardağı unutmayacaksın.
A70: ogretmen-yanlis-anladi | B70: 4 | C70: Gerçek suçluyu gösteren ayrıntıyı hatırla | D70: Sosyal Radar | E70: Kolay | H70: Suyu dökenin kolunun ıslak olduğunu hatırladın. Öğretmen kola baktı, sonra sana: “Özür dilerim.” | I70: “Onun kolu ıslak, benimki kuru, bardak da onun tarafına yatmış” dedin. Öğretmen gözlüğünü indirdi: “Sen kaç yaşındasın?” Akşam annene “Bu çocuk her şeyi görüyor” dedi; annen bunu müjde gibi değil, uyarı gibi dinledi. | J70: Ayrıntıyı hatırladın ama kimse inanmadı. | K70: “Islak kol!” dedin ve kanıt diye bir kolu havaya kaldırdın. Kendi kolunu; sırılsıklamdı. Öğretmen “Peki, teşekkür ederiz” dedi; bütün sınıf güldü, asıl döken en çok. | Q70: Sessiz Gözlemci
A71: parkin-buyuk-cocugu | B71: 1 | C71: Başka yere git | F71: Dayanıklılık +1 | G71: Salıncağa gittin. Salıncak boştu, güneş de oradaydı. Kaydırağı akşama kadar unuttun.
A72: parkin-buyuk-cocugu | B72: 2 | C72: 'Herkesin burası' de | D72: Cesaret | E72: Zor | H72: “Burası herkesin!” dedin. Sesin titredi ama cümle bitti. Bankta oturan bir teyze “Doğru söylüyor çocuk” dedi; büyük çocuk kenara çekildi. | I72: “Burası herkesin!” diye bağırdın. Banktaki teyzeler alkışladı, küçükler arkana dizildi, büyük çocuk sessizce kayıp gitti. Annen akşam babana “Bizimki parkı kurtardı” dedi. | J72: “Burası herkesin!” dedin. Büyük çocuk eğildi: “Sen kimin nesisin?” Bilmiyordun; sormak için annene koştun. | K72: “Burası herkesin!” dedin. Büyük çocuk kaydı, tam önüne indi, eğildi: “Kim dedi?” “Annem” dedin. Bütün park güldü; bankta annen yüzünü telefonunun arkasına sakladı. | V72: cesurPark
A73: parkin-buyuk-cocugu | B73: 3 | C73: Küçükleri arkana topla | D73: Sosyal Radar | E73: Orta | H73: Etrafa baktın: iki çocuk daha bekliyor. Yan yana durdunuz. Büyük çocuk üçünüzü sayınca kaydı ve gitti. | I73: Üç küçüğü yanına aldın; dördünüz birden merdivene dizildiniz. Büyük çocuk “Tamam, tamam” dedi, indi. | J73: Arkana dönüp “Gelin!” dedin. Küçüklerden biri emzikliydi, biri annesine koştu, biri kumda kaldı. Ordu kuramadın; salıncağa geçtin. | K73: İki çocuğu yanına çağırdın; ikisi de gidip büyük çocuğun arkasına dizildi. Şimdi üç kişiye karşı tek başınasın.
A74: market-kasasi | B74: 1 | C74: Şekeri iste | F74: Çene +1 | G74: “Bunu alalım” dedin. Annen “Eve gidince” dedi. Eve gidince yok.
A75: market-kasasi | B75: 2 | C75: Sepete gizlice koy | D75: Kurnazlık | E75: Orta | H75: Şekeri sepetin dibine ittin. Kasada çıktı. Annen baktı, sana baktı, kasiyerin önünde bir şey demedi. Ödedi. | I75: Şeker kasadan geçti, poşete girdi, eve geldi. Kimse fark etmedi; dolabın arkasında ilk zulan kuruldu. | J75: Kasiyer şekeri gördü ve sana göz kırptı. Şeker rafa döndü. | K75: Şekeri sepete sakladın. Kasiyer okuttu; annen herkesin önünde “Bunu kim koydu?” dedi. Sıradaki beş kişi sana baktı. Şeker rafa, sen eve.
A76: market-kasasi | B76: 3 | C76: Dokunma | D76: İtibar | E76: Kolay | H76: Dokunmadın. Annen “Aferin” dedi. Kasiyer de “Aferin” dedi. Şeker veren olmadı. | I76: Dokunmadın; kasiyer “Ne uslu çocuk” deyip sana bir şeker hediye etti. Dokunmamak da işe yarıyormuş. | J76: Dokunmadın ama gözün şekerde kaldı, ağzın açık. Kasiyer gördü, annen gördü; ikisi de güldü, kimse almadı. | K76: Ellerini arkana saklayıp dokunmamaya çalıştın; popon standa çarptı. Bütün şekerler yere yayıldı. Kasiyer “Aman, çocuk işte” dedi; annen kasanın önünde dizlerinin üstünde on dakika şeker topladı. Sıradakiler yardım etmedi, izledi.
A77: market-kasasi | B77: 4 | C77: Yere yat, ağla | D77: Pişkinlik | E77: Orta | H77: Yere yattın, bağırdın. Annen kasiyere baktı, kasiyer annene; annen iç çekip şekeri poşete attı: “Son.” Bu “son”ların sayısını kimse tutmuyor. | I77: Kasanın önünde yere yattın, tavana bakıp avazın çıktığı kadar ağladın. Sıradaki dede dayanamadı, şekeri kendi parasıyla aldı: “Benim torun da böyle.” Annen teşekkür etti; eve kadar seninle konuşmadı ama şeker cebindeydi. | J77: Yere yattın. Annen arabayı itmeye devam etti: “Ben gidiyorum, sen kal.” İki rafı geçmeden kalktın, koştun; şeker rafta kaldı. | K77: Yere yatıp tekmeleyerek ağladın. Tam o sırada komşu teyze sıraya girdi: “Aa, bu sizinki mi?” Akşam bütün apartman biliyordu; ertesi gün kapıcı bile “Şekeri aldın mı bari?” diye sordu.
A78: baskasinin-dogum-gunu | B78: 1 | C78: Alkışla | F78: İtibar +1 | G78: Alkışladın, şarkıyı herkesten yüksek söyledin; sözleri yanlış. Doğum günü çocuğunun annesi “Ne tatlı” deyip seni videoya aldı.
A79: baskasinin-dogum-gunu | B79: 2 | C79: İlgi çek | D79: Pişkinlik | E79: Orta | H79: Hediyeler açılırken salonun ortasında takla attın. Teyzeler “Aaa!” dedi; iki dakika herkes sana baktı. Sonra paketten uzaktan kumandalı araba çıktı ve o iki dakika bitti. | I79: Sahneye çıktın, şarkıyı sen söyledin, fotoğraflarda ortadasın. | J79: İlgi çekmeye çalıştın; palyaço daha iyiydi. | K79: İlgi çekmek için en büyük paketi kaptın, kâğıdını yırttın. İçinden pembe bir bisiklet çıktı; doğum günü çocuğu çığlığı bastı. Annesi kâğıdı geri sarmaya çalıştı, annen de yardım etti; ikisi de birbirinin yüzüne bakamadı.
A80: baskasinin-dogum-gunu | B80: 3 | C80: Pastaya odaklan | F80: Dayanıklılık +1 | G80: Pastaya baktın. Dilim geldi, yedin, ikinciyi istedin. Doğum günü kimin, hâlâ bilmiyorsun.
A81: baskasinin-dogum-gunu | B81: 4 | C81: Doğum günü çocuğunun elini tut, şarkıyı beraber söyle | D81: Gönül | E81: Kolay | H81: Elini tuttun; utandı, sonra güldü. Pasta kesilirken ilk dilim ona, ikincisi sana geldi. Sıra böyle değildi. | I81: Elini tuttun, şarkıyı beraber söylediniz. Fotoğrafta ikiniz varsınız; annesi o fotoğrafı çerçeveletti. Sen artık “o çocuk”sun. | J81: Elini tutmak istedin; elinde pasta vardı. Sana krema bulaştı, şarkı bitti. | K81: Elini tuttun, bırakmadın. Mumları üfleyemedi, ağladı. Fotoğrafta ikiniz varsınız: biri ağlıyor, biri tutuyor.
A82: en-guzel-oyuncak | B82: 1 | C82: İste | D82: Cesaret | E82: Kolay | H82: “Bir bakabilir miyim?” dedin. Verdi. Beş dakika; ama senin beş dakikan. | I82: “Bir bakabilir miyim?” dedin. Kuzenin itfaiyeyi raftan indirdi: “Sen sür, ben siren yaparım.” Akşama kadar ikiniz, bir itfaiye, bir siren. Halan fotoğrafınızı aile grubuna attı. | J82: İstedin; sıraya alındın. Sıra hiç gelmedi. | K82: “Bir bakabilir miyim?” dedin; kuzenin cümlen bitmeden ağlamaya başladı. Halan arabayı dolaba kilitledi, anahtarı da cebine koydu. Öbür çocuklar bütün gün sana küs küs baktı.
A83: en-guzel-oyuncak | B83: 2 | C83: Takas öner | D83: Kurnazlık | E83: Kolay | H83: Eski kamyonunu verdin, itfaiyeyi aldın. Kuzenin kamyona bayıldı. Sen itfaiyenin hiçbir şey yapmadığını öğrendin. | I83: Eski bir kalemi uzattın: “Bu sihirli, karanlıkta parlıyor.” Kuzenin inandı, itfaiyeyi verdi; o gece yorganın altında kalemin parlamasını bekledi. Halan sabah “Bu çocuk kime çekmiş?” dedi. | J83: Oyuncak ayını teklif ettin. Kuzenin ayıya baktı: “Bunun gözü yok.” Yoktu; geçen bayram sen koparmıştın. | K83: Takas ettin, itfaiyeyi kucaklayıp eve getirdin. Akşam halan aradı: “O araba yeni, geri getirin.” Arabayı geri götürdünüz; senin kamyonun kuzende kaldı.
A84: en-guzel-oyuncak | B84: 3 | C84: Kendi oyuncağınla devam et | F84: Dayanıklılık +1 | G84: Kendi oyuncağınla devam ettin. Bir süre sonra herkes seninkine bakıyordu. Eski oyuncak, yeni ilgi.
A85: ilk-gercek-yalan | B85: 1 | C85: İtiraf et | F85: İtibar +2 | G85: “Ben yedim” dedin. Annen hiçbir şey demeden ağzının kenarındaki çikolatayı sildi, başını okşadı. Ceza yoktu; bu, cezadan daha uzun sürdü.
A86: ilk-gercek-yalan | B86: 2 | C86: 'Hayır' de | D86: Çene | E86: Zor | H86: “Hayır” dedin; o kadar sakin dedin ki annen pastayı bir daha inceledi. Köşe yine eksikti ama senin suçun yoktu. Şimdilik. | I86: “Hayır” dedin, gözünü bile kırpmadın. Annen bir sana baktı, bir pastaya, sonra babana döndü: “Sen mi yedin?” Baban hâlâ yemediğini anlatıyor. | J86: 'Hayır' dedin, kulakların kızardı. Kulaklar yalan söylemiyor. | K86: “Hayır” dedin. Sonra “Evet” dedin. Sonra “Biraz” deyip ağladın. Akşam misafirler pastanın eksik köşesini sordu; annen tek kelime etmeden sana baktı, misafirler de baktı. | L86: Yüzün yarı yarıya ikna ediciydi. Annen “Peki” dedi ama pastayı buzdolabının en üst rafına kaldırdı. | M86: lie | N86: Annenin Soruları | O86: Söylediklerini aklında tut; sorulara çelişmeden cevap ver. | P86: {"who": "Annen", "facts": ["Pastaya dokunmadım.", "Buzdolabını açmadım bile.", "Çikolatalı köşe zaten öyleydi."], "qs": [{"q": "Buzdolabına en son ne zaman baktın?", "o": ["Hiç açmadım.", "Sabah açtım.", "Az önce."]}, {"q": "Dudağındaki ne?", "o": ["Kuru üzüm, belki.", "Çikolata.", "Pasta."]}, {"q": "Köşe ne zaman eksildi?", "o": ["Zaten eksikti.", "Ben gelince.", "Az önce."]}]} | U86: yalanci
A87: ilk-gercek-yalan | B87: 3 | C87: 'O kendi oldu' de | D87: Pişkinlik | E87: Çok Zor | H87: “Kendi oldu” dedin. Annen “Olur öyle” dedi. İkiniz de inanmadınız; ikiniz de kabul ettiniz. | I87: “Kendi oldu” dedin; o kadar ciddi dedin ki annen buzdolabının kapağını kontrol etti. Akşam babana “Bu dolap pastayı eritiyor galiba” dedi. Ertesi gün buzdolabına usta çağrıldı. | J87: “Kendi oldu” dedin. Annen inanmadı; gülmemek için dudağını ısırıp mutfağa kaçtı. Pasta da onunla gitti. | K87: “Kendi oldu” dedin. Annen “Pasta kendi kendine mi yendi?” diye sordu; ciddi ciddi başını salladın, dudağının kenarında çikolata vardı. Annen babana anlattı, baban halana; o günden beri bu evde ne dökülse, ne kırılsa biri “Kendi oldu” diyor ve herkes sana bakıyor. | U87: yalanci | AI87: Kendi Oldu
A88: mahalle-bakkali | B88: 1 | C88: Listeyi ver | F88: Dayanıklılık +1 | G88: Listeyi verdin. Bakkal okudu, “Annenin yazısı” dedi, poşeti doldurdu, üstüne bir sakız koydu. Sakız listede yoktu.
A89: mahalle-bakkali | B89: 2 | C89: Fiyat sor | D89: Çene | E89: Kolay | H89: Fiyat sordun. Bakkal söyledi. “Geçen hafta daha ucuzdu” dedin. Bakkal güldü: “Geçen hafta hepimiz daha ucuzduk.” | I89: “Amca, bu kaç?” dedin ve cevabı beklerken kirpiklerini üç kez kırptın. Bakkal yarı fiyatına verdi, üstüne bir çikolata koydu. Balkondan annen seslendi: “Ne dedin adama?” | J89: Sordun, bakkal duymadı. Radyo açıktı. | K89: Fiyat sordun; bakkal yüksek sesle “Paran yetmez” dedi. Dükkândaki üç komşu duydu. Akşam annen üçünden ayrı ayrı öğrendi.
A90: mahalle-bakkali | B90: 3 | C90: Para üstünü kontrol et | D90: Kurnazlık | E90: Zor | H90: Para üstünü saydın: bir eksik. Bakkal “Hay aksi” dedi, tamamladı. Annen balkondan alkışladı. | I90: “Bir eksik!” dedin. Bakkal saydı; gerçekten eksikti. Dükkândaki teyzelere döndü: “Bu çocuk benim çırağım olur.” Annen balkondan “Olmaz, okuyacak!” diye bağırdı. | J90: Saydın, bir daha saydın. Sonuç her seferinde farklı. | K90: Para üstünü saymak için avucunu açtın; bozukluklar yere saçıldı, biri rafın altına kaçtı. Bakkal amca dizlerinin üstüne çöktü, süpürge sapıyla on dakika aradı. Balkondan annen “Bırakın, bırakın!” diye bağırınca bütün apartman cama çıktı. | T90: Para Üstü Radarı
A91: mahalle-bakkali | B91: 4 | C91: Veresiye defterine yazdır | D91: Çene | E91: Kolay | H91: Adın veresiye defterine girdi; babanın adının hemen altına. | I91: Bakkal defteri açıp adını kocaman yazdı, bir de sakız uzattı: “Bizim en küçük müşterimiz.” Akşam baban defteri görmeye indi; senin adın onunkinden kalın yazılmıştı. | J91: Bakkal defteri kapattı: 'Önce annen gelsin.' | K91: Bakkal defteri açtı ve senin satırını bulana kadar babanın sayfasını yüksek sesle okudu: “İki ekmek, bir yoğurt… geçen ayınki de duruyor.” Dükkândaki iki komşu birbirine baktı. Akşam baban borcu kapattı, sana da bir hafta bakkal yolunu yasakladı. | Q91: Küçük Tüccar
A92: kaybolan-bozuk-para | B92: 1 | C92: Yanındaki teyzeye ver | F92: İtibar +1 | G92: Parayı yanındaki teyzeye verdin. Teyze “Senin olsun” dedi. Şimdi hem para sende hem “aferin”.
A93: kaybolan-bozuk-para | B93: 2 | C93: Cebe koy | D93: Kurnazlık | E93: Kolay | H93: Parayı aldın, cebine koydun. Cebin bir bozukluk ağırlaştı, vicdanın biraz daha. | I93: Kimse bakmazken eğildin, aldın, doğruldun. Bozukluk cebinde, yüzünde melek ifadesi. | J93: Uzandın; başka bir çocuk senden önce kaptı. Teşekkür bile etmedi. | K93: Tam eğildiğin an annen de teyze de aynı anda döndü: “Ne yapıyorsun orada?” “Bağcığımı bağlıyordum.” Ayakkabın cırt cırtlıydı. Teyze bunu akşama kadar bütün apartmana anlattı; ertesi gün kapıcı seni “Gel bakalım, Cırt Cırt” diye karşıladı. | L93: Parayı aldın; tam o anda bir teyze döndü: “Yerden mi aldın?” Cevap vermedin. | M93: timing | N93: Kimse Bakmazken | O93: Büyükler başka yere baktığında işaret yeşile girer. O an dokun. | AI93: Cırt Cırt
A94: kaybolan-bozuk-para | B94: 3 | C94: Olduğu yerde bırak | F94: İtibar +1 | G94: Bıraktın, yürüdün. Üç adım sonra döndün; başkası almıştı.
A95: takim-seciliyor | B95: 1 | C95: Bekle | D95: Dayanıklılık | E95: Kolay | H95: Bekledin. Sekizinci seçildin; ne ilk, ne son. Kaptan “Sağ bek” dedi; sağ bekin ne olduğunu o maçta öğrendin. | I95: Kaptanlar ayak ayak yürürken sen topunu dizinde sessizce sektirdin. İlk seçen kaptan hiç düşünmedi: “Topun sahibi bizde!” | J95: Son seçilen oldun. Takıma kaleci olarak katıldın. | K95: Kaptanlar seni değil, topunu seçti: “Topu bırak, sen yedeksin.” “Top benim, oynamıyorum!” dedin, topu koltuğunun altına alıp sınıfa döndün. Ertesi teneffüs başka bir topla oynadılar; seni çağırmadılar.
A96: takim-seciliyor | B96: 2 | C96: 'Beni al' de | D96: Cesaret | E96: Kolay | H96: “Beni al, hızlıyım!” dedin. Kaptan aldı. Hızlı değildin; ilk yarıda kimse anlamadı. | I96: “Beni alan kazanır, annem de tost getiriyor!” dedin. İki kaptan seni almak için ayak ayak yeniden yürüdü. Annen tostu gerçekten getirdi. | J96: 'Beni al' dedin. Kaptan 'bakarız' dedi. | K96: “Beni al!” dedin. Kaptan sana baktı, düşündü, çantaları gösterdi: “Sen direk ol.” Bütün maçı kale direği olarak geçirdin. Top iki kez sana çarptı; ikisi de gol sayıldı.
A97: takim-seciliyor | B97: 3 | C97: İyi oynayan çocuğa git | D97: Sosyal Radar | E97: Orta | H97: En iyi oynayanın yanına gittin; o seçilince seni de gösterdi: “O benimle.” Yetti. | I97: Bir bakışta sahanın en iyisini buldun: dizleri yara bere içinde, ayakkabısının burnu açılmış bir çocuk. Kaptan onu seçince ikinizi birden aldı. Yedi gol attınız; zil çaldı, kimse duymadı. | J97: Yanına gittiğin çocuk çantasından top yerine bilye çıkardı. İkiniz en son seçildiniz. | K97: “En iyi o oynar” diye yanına gittiğin çocuk ilk vuruşta kendi kalesine attı. Bütün takım sana döndü. | L97: Fena değildi ama en iyisi değildi. | M97: hidden | N97: Takımı Oku | O97: Kalabalıkta topu en iyi sürenin işaretini (⚽) bul. | P97: {"target": "⚽", "decoys": ["🧒", "👦", "👧", "🧒🏽"]}
A98: sana-guluyorlar | B98: 1 | C98: Sus | F98: Dayanıklılık +1 | G98: Sustun. Gülme üç saniye sürdü, sonra top geldi, unutuldu. Sen unutmadın.
A99: sana-guluyorlar | B99: 2 | C99: Kendine de gül | D99: Pişkinlik | E99: Zor | H99: Sen de güldün, hem de en yüksek sesle. Gülme şakadan oyuna döndü; artık herkes seninle gülüyor. | I99: Kendine güldün, herkes seninle güldü; bir saat sonra aynı espriyi onlar tekrar ediyordu. | J99: Güldün ama biraz geç. Kahkahalar çoktan bitmişti. | K99: Sen de güldün; öyle güldün ki burnundan süt geldi. Gülme ikinci tura girdi, öğretmen peçete yetiştiremedi. Akşam kapıda annene “Bugün çok eğlendi” dedi; sütü anlatmadı, çocuklar anlattı. | T99: Kendine Gülebilir
A100: sana-guluyorlar | B100: 3 | C100: Laf yetiştir | D100: Çene | E100: Zor | H100: “Sen de burnunu karıştırıyordun” dedin. Doğruydu. Gülme yön değiştirdi. | I100: Ciddi ciddi anlattın: “Kedi bütün gün uyuyor, herkes onu seviyor, mamasını da başkası alıyor.” Gülenler sustu, düşündü. Ertesi gün sınıfta üç kedi adayı daha vardı. | J100: Cevabı buldun; eve gidince. | K100: “Siz… siz… siz de kedisiniz!” dedin. Ne demek istediğini sen de bilmiyordun. Gülme ikiye katlandı; o hafta bahçede herkes seni “Miyav!” diye selamladı. | AI100: Miyav
...

Sheet İç Sesler
A1: Olay ID | B1: Özellik | C1: Zorluk | D1: İç ses metni | E1: Başarısızlık metni | F1: Seçenek açar
A2: dogum | B2: Sosyal Radar | C2: Kolay | D2: Odada altı kişi var. Beşi sana bakıyor. Altıncısı faturaya.
A3: dogum | B3: Pişkinlik | C3: Orta | D3: Sahne senin. Işıklar hazır. Ağlamak, açılış için yeterince güçlü bir numara.
A4: yasak-nesne | B4: Kurnazlık | C4: Kolay | D4: Parlak şeyler pahalıdır. Pahalı şeyler yüksekte durur. Bu sehpada bir hesap hatası var.
A5: yasak-nesne | B5: İtibar | C5: Orta | D5: Bu nesneye dokunursan birileri üzülecek. Muhtemelen sen, biraz sonra.
A6: vazo-kirildi | B6: Sosyal Radar | C6: Orta | D6: Kedi seni izlemiyor. Annenin ayak seslerini izliyor. Dört saniyen var. | F6: E
A7: vazo-kirildi | B7: Pişkinlik | C7: Zor | D7: Kedinin avukatı yok. Sadece söylüyorum.
A8: vazo-kirildi | B8: İtibar | C8: Kolay | D8: Bu vazo babaanneden kalmaydı. Babaanne hâlâ hayatta. Bu durumu daha da kötüleştiriyor. | E8: …İtibarın bu sırada başka bir şeyle meşguldü.
A9: ilk-harclik | B9: Kurnazlık | C9: Orta | D9: Bu bozukluklar tek başına bir şey değil. Ama dedenin cebi her bayram dolu. Bayram çok.
A10: ilk-harclik | B10: Çene | C10: Kolay | D10: Karşıdaki çocuğun elinde kraker var. Kraker de bir para birimidir.
A11: kim-yapti | B11: İtibar | C11: Kolay | D11: Doğruyu söylersen bugün kötü geçer. Yalan söylersen bu gece kötü geçer.
A12: kim-yapti | B12: Akıl | C12: Orta | D12: Baban kalemin kapağını tutuyor. Kalemin kendisi senin cebinde. Bu bir soruşturma değil, bir sadakat testi. | F12: E
A13: ilk-gercek-yalan | B13: Pişkinlik | C13: Orta | D13: Göz teması kur. Gözünü kırpma. Kırpma dedik.
A14: ilk-gercek-yalan | B14: İtibar | C14: Kolay | D14: Annen sana hâlâ “benim akıllım” diyor. Bu cümlenin bugün bir sınavı var.
A15: mahalle-bakkali | B15: Sosyal Radar | C15: Orta | D15: Bakkal mahalledeki herkesin borcunu ezbere biliyor. Seninkini de. Henüz yok ama biliyor.
A16: mahalle-bakkali | B16: Kurnazlık | C16: Zor | D16: Terazinin kefesinin altında bir sakız yapışık. Yıllardır orada. Terazi yıllardır bir sakız ağırlığında yanılıyor.
A17: sana-guluyorlar | B17: Dayanıklılık | C17: Kolay | D17: Bu an geçecek. Otuz yıl sonra bir düğünde biri hatırlatacak. O an da geçecek.
A18: sana-guluyorlar | B18: Cesaret | C18: Orta | D18: Gülen üç kişi. İkisi neye güldüğünü bilmiyor. Üçüncüsü de emin değil.
A19: aileler-kiyasliyor | B19: Sosyal Radar | C19: Orta | D19: Teyzenin ağzı “Ne tatlı” diyor. Gözleri “Ama bizimki kadar değil” diyor.
A20: tepsiyle-kayak | B20: Akıl | C20: Orta | D20: Yokuşun sonunda bir çöp konteyneri var. Tepsinin freni yok. Bu iki bilgiyi aynı cümlede düşün.
A21: tepsiyle-kayak | B21: Cesaret | C21: Kolay | D21: Asker gibi otur, tepsiyi sıkı tut, gözünü kapama. Annen balkonda değilken, marş!
A22: ilkokul-kapisi | B22: Cesaret | C22: Kolay | D22: Bina büyük ama kapı normal boyutta. Başlangıç için yeterli.
A23: ilkokul-kapisi | B23: Akıl | C23: Orta | D23: Koridorda on iki kapı var. Resimli olanlar küçük sınıflar. Sen artık küçük sınıfsın. Bunu kabullen.
A24: sinif-baskani | B24: Çene | C24: Orta | D24: Vaat ne kadar büyükse oy o kadar çok. Uygulama kısmı seçimden sonraki bir sorun.
... A26: balkondaki-ucurtma | B26: Cesaret | C26: Kolay | D26: Dut dalı sağlamdır evladım, biz de çıkardık. Bir kere ben de düştüm, bayram ziyaretine alçıyla gittim. Güzel günlerdi.
A27: balkondaki-ucurtma | B27: İtibar | C27: Orta | D27: Bu uçurtmayı sana deden aldı. Pazar günü gelip “Uçurtma nerede?” diye soracak. | E27: …İtibarın sesini rüzgâra kaptırdı.
A28: veli-toplantisi | B28: Sosyal Radar | C28: Zor | D28: Öğretmenin önündeki defter kalın. İnce defter iyi haberdir. Kalın defterin sonunda annen “Eve gidince konuşuruz” der.
A29: veli-toplantisi | B29: Dayanıklılık | C29: Kolay | D29: Kapının bu tarafında olmak, ömrünün en uzun yirmi dakikası olacak. Şimdilik.
A30: karne-gunu | B30: Dayanıklılık | C30: Orta | D30: Eve 800 metre var. Her adım bir savunma cümlesi. Yeterince yürüdün, yeterince yazdın.
A31: karne-gunu | B31: Akıl | C31: Kolay | D31: Karnedeki notlar değişmeyecek. Değişecek tek şey, onları nasıl sunduğun. Bu da bir tür matematik.
A32: b4-ilk-telefon | B32: Kurnazlık | C32: Orta | D32: Denetim şifresi babanın doğum yılı. Bütün şifreler gibi. | F32: E
A33: b4-ilk-telefon | B33: İtibar | C33: Kolay | D33: Bu telefonun faturası annenin adına. Her bildirim bir gün onun ekranına da düşecek.
A34: b4-aile-grubu | B34: Sosyal Radar | C34: Orta | D34: Halanın 'Herkes görüyor ama kimse yazmıyor' mesajı sana. Henüz bilmiyorsun.
A35: b4-aile-grubu | B35: Pişkinlik | C35: Zor | D35: Bu grup bir sahne. Seyirci yaşlı ama sadık.
A36: b4-oyun-faturasi | B36: Akıl | C36: Orta | D36: Bir elmas paketi, bir haftalık market alışverişi. Oyun bunu söylemiyor. Ekstre söyleyecek.
A37: b4-oyun-faturasi | B37: Kurnazlık | C37: Zor | D37: Ödeme, annenin parmak iziyle onaylanıyor. Annen şu an kanepede, akşam dizisinin karşısında uyukluyor. | F37: E
A38: b4-flut | B38: İtibar | C38: Kolay | D38: Flüt, bir ailenin sabrını ölçmek için icat edildi. Bu, bilimsel değil ama doğru.
A39: b4-sinif-grubu | B39: Sosyal Radar | C39: Orta | D39: Grupta öğretmenin kızı da var. Kimse bunu hatırlamıyor. | F39: E
A40: b4-sinif-grubu | B40: İtibar | C40: Kolay | D40: Yazdığın her şey birinin ekran görüntüsü klasörüne gidecek. Oradan hiçbir şey çıkmaz.
A41: b4-kisa-video | B41: Pişkinlik | C41: Orta | D41: Kamera açılınca utanç kapanır. Bu bir teknik özellik.
A42: b4-kisa-video | B42: Dayanıklılık | C42: Kolay | D42: Aynı dansı kırk kez çekeceksin. Otuz dokuzu yalnızca senin telefonunda kalacak.
A43: b4-kuzen-kiyaslama | B43: İtibar | C43: Orta | D43: Kuzenin de mutlu görünmüyor. Onun annesi de onu bir başkasıyla kıyaslıyor. Zincir uzun.
A44: b4-kuzen-kiyaslama | B44: Çene | C44: Kolay | D44: Her kıyaslamanın bir karşı argümanı vardır. Kuzenin henüz yapmadığı tek şeyi bul.
A45: b4-ekran-suresi | B45: Kurnazlık | C45: Orta | D45: Babanın telefonunda da boş bir hesap makinesi var. İki suçlu, bir suçludan daha az suçludur. | F45: E
A46: b4-ekran-suresi | B46: Çene | C46: Kolay | D46: Rakam konuşmaz. Rakamı yorumlayan konuşur. Sen yorumla.
A47: b4-mahalle-haraccilari | B47: Kurnazlık | C47: Kolay | D47: Bakkalın kamerası var. Çalışıp çalışmadığını kimse bilmiyor. Onlar da bilmiyor.
A48: b4-mahalle-haraccilari | B48: Sosyal Radar | C48: Zor | D48: Ortadaki, bakkalın yeğeni. Bakkal da annenin eski sınıf arkadaşı. | F48: E
A49: b4-sivilce | B49: Pişkinlik | C49: Orta | D49: O bir sivilce değil, bir karakter unsuru.
A50: b4-sivilce | B50: Akıl | C50: Kolay | D50: Sıkarsan iki katı olur. Bu bir fizik kuralı değil ama öyle işler.
A51: b4-ses-catlamasi | B51: Dayanıklılık | C51: Orta | D51: Ses tellerin şu an bir şantiye. Baret tak, devam et.
A52: b4-ses-catlamasi | B52: Cesaret | C52: Kolay | D52: Herkes bu yoldan geçti. Öğretmen de. Onun sesi de böyle çatladı. Sadece çok eskiden.
A53: b4-ogretmenler-gunu | B53: Sosyal Radar | C53: Orta | D53: Veli grubundaki tartışma hediyeyle ilgili değil. İki anne geçen yılki doğum günü partisinden beri küs.
A54: b4-ogretmenler-gunu | B54: İtibar | C54: Kolay | D54: Öğretmenin evinde yirmi yıldır biriken kupalar var. Bir el yazısı, bir kupadan ağırdır.
A55: b4-ilk-hoslanti | B55: Sosyal Radar | C55: Zor | D55: Hikâyeni beğendi ama iki saniye sonra. Demek ki iki saniye düşündü. | F55: E
A56: b4-ilk-hoslanti | B56: İtibar | C56: Kolay | D56: En yakın arkadaşın da ondan hoşlanıyor. Sadece söylüyorum.
A57: b4-grup-odevi | B57: Sosyal Radar | C57: Zor | D57: Grubun en sessizi aslında hepsini yapmak istiyor. Ona fırsat ver. | F57: E
A58: b4-grup-odevi | B58: Kurnazlık | C58: Orta | D58: İlk mesajı atan, işi alır. Bekle.
A59: b4-okul-gezisi | B59: Kurnazlık | C59: Orta | D59: Arka koltuk bir statü sembolü. Ön koltuk bir mide önlemi. İkisini de seçemezsin.
A60: b4-okul-gezisi | B60: Sosyal Radar | C60: Kolay | D60: Kiminle oturduğun, pazartesi kiminle konuşacağını belirler.
A61: b4-ayna | B61: Pişkinlik | C61: Kolay | D61: Bu saç ya çok iyi ya çok kötü. Arası yok. Bugün öğreneceğiz.
A62: b4-bilim-fuari | B62: Akıl | C62: Orta | D62: Jürideki fizik öğretmeni yanardağlardan bıkmış. Soru soran bir çocuk arıyor. | F62: E
A63: b4-bilim-fuari | B63: İtibar | C63: Kolay | D63: Projeyi annen yaptı, sen yapıştırdın. Bu da bir katkı. Dar anlamda.
A64: b4-kotu-not | B64: Pişkinlik | C64: Orta | D64: Yüz ifadesi bir kapıdır. Kilitle.
A65: b4-kotu-not | B65: İtibar | C65: Kolay | D65: Kâğıt çantada bekledikçe ağırlaşır. Bu bir fizik kuralı. Babaanne fiziği.
A66: b4-kedinin-hesabi | B66: Sosyal Radar | C66: Orta | D66: İnsanlar kediyi değil, kedinin sana bakışını seviyor. O bakışta bir yargı var.
A67: b4-dershane | B67: Dayanıklılık | C67: Orta | D67: Hafta içi okul, hafta sonu dershane. Pazartesiyle pazar arasındaki fark resmen kaldırıldı.
A68: b4-dershane | B68: Kurnazlık | C68: Zor | D68: Deneme dersi ücretsiz. Yeterince pazarlık edersen deneme dersi beş hafta sürer.
A69: b4-yanlis-grup | B69: Kurnazlık | C69: Orta | D69: Annen sebze doğruyor. Telefonu tezgâhta, ekranı ters. Yedi dakikan var. | F69: E
A70: b4-yanlis-grup | B70: Pişkinlik | C70: Kolay | D70: Hata değil bu, canlı yayın. Sofrada gülümse, tabağı bitir, bir tabak daha iste.
A71: b4-apartman-toplantisi | B71: Sosyal Radar | C71: Orta | D71: Üçüncü kattaki teyze de artışa karşı. Söylemeye cesareti yok. Ona ses ol. | F71: E
A72: b4-apartman-toplantisi | B72: Akıl | C72: Zor | D72: Yönetici kararı kâğıda daha kimse gelmeden yazmış. Sekiz komşu boşuna çay içiyor.
A73: b4-yz-odev | B73: Akıl | C73: Orta | D73: Öğretmen metinlerde 'ayrıca' kelimesini sayıyor. Yapay zekâ 'ayrıca'ya bayılır. | F73: E
A74: b4-yz-odev | B74: İtibar | C74: Kolay | D74: Tatilini makineye anlatacak kadar hatırlıyorsan kendin de yazabilirsin. Babaanne böyle derdi. Diyor.
A75: b4-kisisel-oda | B75: Çene | C75: Orta | D75: Koşu bandı iki yıldır askılık. Bunu delil olarak sun. | F75: E
A76: b4-kisisel-oda | B76: Cesaret | C76: Kolay | D76: Oda savaşları ailenin en uzun savaşlarıdır. İlk hamle önemli.
A77: b4-fenomen-denemesi | B77: Pişkinlik | C77: Orta | D77: Kamera canlıyken insanlar daha çok affeder. Canlı yayın, affın hızlandırılmış hâlidir. | F77: E
A78: b4-fenomen-denemesi | B78: Akıl | C78: Kolay | D78: Takipçi sayısıyla harçlık arasında şu an hiçbir ilişki yok. Şu an.
A79: b4-haracci-rovans | B79: Cesaret | C79: Orta | D79: Artık onlarla neredeyse aynı boydasın. Ayakkabı tabanını da say. | F79: E
A80: b4-haracci-rovans | B80: Kurnazlık | C80: Kolay | D80: Ellerinde top var. Top, eli meşgul eder.
A81: b4-kantin-ekonomisi | B81: Kurnazlık | C81: Orta | D81: Kuyruğun önündekinden al, arkadakine sat. Buna aracılık denir. Büyüyünce de denecek.
A82: b4-kantin-ekonomisi | B82: Çene | C82: Kolay | D82: Kantinci sabah erken gelir, akşam geç çıkar. İnsan gibi selam veren tek müşteriyi unutmaz.
A83: b4-bayram-yatirim | B83: Akıl | C83: Orta | D83: Kumbara yüzde sıfır getiri. Enflasyon yüzde bilmemkaç. Matematik ağlıyor.
A84: b4-bayram-yatirim | B84: Kurnazlık | C84: Zor | D84: Arkadaşının abisi “Kesin kazanç” dedi. Bu lafı ilk duyduğumda ben de senin yaşındaydım. Bisikletimi hâlâ geri alamadım.
A85: b4-ilk-bulusma | B85: Cesaret | C85: Orta | D85: Dondurma soğuk, eller terli. Kimse kusursuz değil. Git.
A86: b4-ilk-bulusma | B86: Sosyal Radar | C86: Kolay | D86: Yanında arkadaş götürürsen o ikisi anlaşır. Tarih bu örneklerle dolu.
A87: b4-spor-secmeleri | B87: Dayanıklılık | C87: Orta | D87: Isınma üç tur. Sen iki buçuk tura hazırsın. Yarım turu inançla koşacaksın.
A88: b4-spor-secmeleri | B88: Cesaret | C88: Kolay | D88: Yeğen de insan. Topu da senin kadar görüyor. Belki daha az.
A89: b4-eski-telefon | B89: Kurnazlık | C89: Orta | D89: 'Son fiyat' diyen, fiyatı zaten biliyordur. Bekle.
A90: b4-yaz-tatili | B90: Dayanıklılık | C90: Orta | D90: Tek ayak üstünde bir mesaj, iki mesaj... Denge çalışması, sosyal medya bahanesiyle.
A91: b4-yaz-tatili | B91: Sosyal Radar | C91: Zor | D91: Yan yazlıktaki çocuklar da balkonda tek ayak üstünde. Göz göze geldiniz. | F91: E
A92: b4-dershane-denemesi | B92: Sosyal Radar | C92: Orta | D92: Listenin üst sırasındakiler de mutlu değil. Onların ailesi bir üst sırayı istiyor.
A93: b4-lise-sinavi | B93: Akıl | C93: Orta | D93: Sorular zor değil. Kitapçık kalın. Bunlar farklı şeyler.
A94: b4-lise-sinavi | B94: Dayanıklılık | C94: Kolay | D94: Üç saat. Maraton değil. Ama maratondan sonra eve yürümek gibi.
A95: b5-lise-ilk-gun | B95: Sosyal Radar | C95: Orta | D95: İlk hafta yanına oturduğun kişi dört yıl sıra arkadaşın olur. Sıra arkadaşı kardeşten sonra gelir; benden söylemesi. | F95: E
A96: b5-lise-ilk-gun | B96: Akıl | C96: Kolay | D96: Bu binada seni kimse tanımıyor. İlkokuldaki bütün rezaletlerin geride kaldı. Şimdilik.
A97: b5-sac-devrimi | B97: Pişkinlik | C97: Orta | D97: Yeni saç, yeni kişilik. Kimse eskisini hatırlamayacak. Okul fotoğrafları hariç.
A98: b5-sac-devrimi | B98: İtibar | C98: Kolay | D98: Annen bu saçı görünce bir şey demeyecek. Bu çok daha kötü.
A99: b5-kulup-secimi | B99: Kurnazlık | C99: Orta | D99: Satranç kulübü haftada bir toplanıyor ve kimse yoklama almıyor. Bu bir kulüp değil, bir boşluk.
A100: b5-kulup-secimi | B100: Sosyal Radar | C100: Zor | D100: Münazaraya sınıfın en iddialıları gidiyor. Evde sözü kesilenlerin kulübü.
A101: b5-dershane-kaydi | B101: Kurnazlık | C101: Kolay | D101: 'Erken kayıt indirimi' ile 'son kontenjan' aynı broşürde yazıyor. İkisinden biri doğru değil.
...

Sheet Geçmişten
A1: Olay ID | B1: Hafıza | C1: Geçmişten metni
A2: ilk-harclik | B2: ilkKelimePara | C2: İlk kelimen 'Para' olduğundan beri bu konuda seni ciddiye alıyorlar.
A3: kim-yapti | B3: kediSuclu | C3: Vazo olayından beri ev halkı kedinin ifadelerine daha az, seninkilere daha çok dikkat ediyor.
A4: ilk-gercek-yalan | B4: kediSuclu | C4: Annen bir an kediye baktı, sonra vazgeçti. Vazodan beri bu evde kediye kimse inanmıyor.
A5: ilk-gercek-yalan | B5: yalanci | C5: Duvardaki güneşten beri bu evde “Kim yaptı?” sorulunca herkes önce senin ellerine bakıyor. Bugün ellerin temiz; dudağın değil.
A6: kirilan-oyuncak | B6: kediSuclu | C6: Bu evde bir şey kırılınca artık önce sana bakıyorlar. Kedi aklandı.
A7: harclik-pazarligi | B7: ilkKelimePara | C7: İlk kelimesi 'Para' olan birinden beklenen an nihayet geldi.
A8: ilkokul-kapisi | B8: yapiskan | C8: Kreş kapısındaki bacak olayı ailede hâlâ anlatılıyor.
A9: sira-arkadasi | B9: sirVerdi | C9: Kreşteki sır hikâyesi okula senden önce gelmiş. Yeni sıra arkadaşın biraz temkinli.
A10: odev-nerede | B10: kediSuclu | C10: Bu evde suç hep kediye atılır. Kedi bunu biliyor; bu sabah ödev defterinin yanına bile yaklaşmıyor.
A11: bayram-harcligi | B11: ilkKelimePara | C11: Akrabalar zarfı uzatırken 'Hani ilk kelimesi para olan' diye gülüştü.
A12: mahalle-maci | B12: cesurPark | C12: Parktaki büyük çocuk karşı takımda. Seni tanıdı, selam verdi.
... A421: b10-tek-fincan | B421: ask-evliligi | C421: Elli yıl önce sana tuzlu bir kahve getirmişti. Bu sabah kahveni kendin tuzladın; içemedin.

Sheet Rozetler
A1: Rozet | B1: Açıklama | C1: Bonus | D1: Otomatik özellik
A2: Hayat Arşivcisi | B2: Kimin neyi, ne zaman, hangi bayramda söylediğini tarih ve saatiyle hatırlarsın. | C2: Akıl +1, Sosyal Radar +1
A3: Balkon Müfettişi | B3: Sokakta olan hiçbir şey kayda geçmeden sonuçlanmaz. | C3: Sosyal Radar +2
A4: Son Sözü Söyler | B4: Masadaki her tartışma sende kapanır. Kimse itiraz edecek enerjiyi bulamaz. | C4: Çene +1, Pişkinlik +1
A5: Ekran Yerlisi | B5: Her uygulamanın ayarlar menüsünü ailenden iyi bilirsin. Ailen de bunu bilir, ama hangi ayarı bilmez. | C5: Kurnazlık +1, Sosyal Radar +1
A6: Grup Diplomatı | B6: Mesaj grubunda bir şey yazmadan önce üç kez okursun. Dördüncüde silersin. | C6: Sosyal Radar +1, Çene +1
A7: Kantin Ekonomisti | B7: Tostla ayran arasındaki kâr marjını ezbere bilirsin. | C7: Kurnazlık +1, Çene +1
A8: Grup Yöneticisi | B8: Mesaj gruplarını kurar, yönetir, gerektiğinde sessize alırsın. | C8: Sosyal Radar +1, Çene +1
A9: Deneme Kurdu | B9: Yüzlerce deneme sınavından sonra sınav salonu sana ikinci evin gibi gelir. | C9: Akıl +1, Dayanıklılık +1
A10: Kestirme Bilir | B10: Şehrin bütün arka sokaklarını, otopark geçişlerini ve açık kalan kapılarını bilirsin. | C10: Kurnazlık +1, Dayanıklılık +1
A11: Bütçe Tablocusu | B11: Her harcamanın bir hücresi var. Hücrelerin çoğu kırmızı. | C11: Akıl +1, Kurnazlık +1
A12: Nöbet Disiplini | B12: Saat üçte uyanık kalmayı bilirsin. Kimse sana nedenini sormaz. | C12: Dayanıklılık +2
A13: Selamı Var | B13: Birileri senin hakkında iyi şeyler söylüyor. Bazıları seni gerçekten tanıyor. | C13: Çene +1, Sosyal Radar +1
... A45: Kilit Kırıcı | B45: Her sistemin bir açığı vardır. | C45: Akıl +2
A46: Ukala Ama Haklı | B46: Sorunu parçalarına ayırırsın; parçaları da herkese tek tek anlatırsın. | C46: Akıl +2 | D46: Akıl
A47: Sözünü Geçirir | B47: Söylediğin şey genelde olur. | C47: Çene +2 | D47: Çene
A48: Açık Bulur | B48: Kurallardaki boşlukları fark edersin. | C48: Kurnazlık +2 | D48: Kurnazlık
A49: Geri Adım Atmaz | B49: Korkuyu hissedersin ama yine de yaparsın. | C49: Cesaret +2 | D49: Cesaret
A50: Yüzü Kızarmaz | B50: Utanma duygusu seni yavaşlatmaz. | C50: Pişkinlik +2 | D50: Pişkinlik
A51: Sözü Senet | B51: Mahallede sözün senet yerine geçer; kefil aranınca adın ilk sırada. | C51: İtibar +2 | D51: İtibar
A52: Kolay Dağılmaz | B52: Baskı altında toparlanırsın. | C52: Dayanıklılık +2 | D52: Dayanıklılık
A53: Odayı Okur | B53: Kimin ne hissettiğini herkesten önce anlarsın. | C53: Sosyal Radar +2 | D53: Sosyal Radar
A54: Kitap Kurdu | B54: Köşedekilerden kaçıp kütüphaneye sığındı; sınav salonları ona yabancı değil. | C54: Akıl +2
A55: Tezgâh Ağzı | B55: Müşteri daha ağzını açmadan ne alacağını, ne kadar pazarlık edeceğini ve kimin selamıyla geldiğini bilirsin. | C55: Çene +2
A56: İki Dilli Rüya | B56: İki dilde düşünür, iki dilde küfreder, iki dilde de yanlış anlaşılırsın. | C56: Sosyal Radar +1, Akıl +1
A57: Kalbi Geniş | B57: Sevdiğini söylemekten çekinmezsin; sofrada herkes senin yanına oturmak ister. | C57: Gönül +2 | D57: Gönül

Sheet Hafıza
A1: Hafıza | B1: Final kartı etiketi | C1: Sonraki bölümde | D1: Bölüm sonu cümlesi
A2: kediSuclu | B2: Vazo davasında kediyi suçladı. | D2: “İki yaşında kediyi mahkûm ettirdi.”
A3: ilkKelimePara | B3: İlk kelimesi 'Para' oldu. | D3: “İlk kelimesi ‘para’ oldu; deden cüzdanını o gün çıkardı.”
A4: yalanci | B4: Küçükken “Kim yaptı?” sorusuna yalan söyledi. | D4: “Ne kırılsa, ne eksilse ‘Ben değilim’ derdi; dudağının kenarında çikolata olsa bile.”
A5: sirVerdi | B5: Kreşte bir arkadaşının sırrını yaydı. | D5: “Arkadaşının dedesinin dişleri bardakta uyuyormuş; akşama bütün kreş biliyordu.”
A6: cesurPark | B6: Parktaki büyük çocuğa kafa tuttu. | D6: “Üç buçuk yaşında parktaki koca çocuğa ‘Burası herkesin!’ dedi; titreyerek ama dedi.”
A7: yapiskan | B7: Kreş kapısında bacağa sarıldı. | D7: “Kreş kapısında bacak bırakmadı; bizde de öyleydi.”
A8: baskan | B8: Sınıf başkanı seçildi. | D8: “Sınıf başkanı oldu; evde de seçim yaptırdı.”
A9: kediGeldi | B9: Eve bir de yavru kedi getirtti. | D9: “Bir kedi yetmedi, yavrusunu da getirtti; ikisine de ben bakıyorum.”
A10: camKirildi | B10: Komşunun camıyla tanıştı. | D10: “Komşunun camını kırdı; cam değişti, komşu değişmedi.”
A11: tepsiTekeli | B11: Bir kış boyunca mahallenin bütün kayak tepsileri onun balkonunda toplandı. | D11: “Bir kış mahallenin bütün tepsileri onun balkonundaydı; annesi çayı tabakla taşıdı.”
A12: alcili-kol | B12: Çocukluğunda bir kolu alçıda geçti. | D12: “Kolu alçıya girdi; alçıyı bütün mahalle imzaladı, ben de.”
A13: vasiyet-yazildi | B13: Vasiyetini noterde, iki şahit önünde imzaladı. | D13: “Vasiyeti noterde, üç nüsha; kimin neyi alacağı belli, kimin kime küseceği değil.”
... A17: kitaplasti | B17: Hayat hikâyesi bir torun ve bir yapay zekâ tarafından kitaplaştırıldı. | D17: “Hayatı kitap oldu; bayramda bütün akrabaya birer tane dağıttık.”
A18: iyi-lise | B18: Lise sınavından iyi bir liseye yerleşti. | C18: İyi bir lisede dört yıl: yüksek beklentiler, erken başlayan dershane ve Büyük Sınav'da bir adım önde başlamak. | D18: “Sınavı kazandı; mahallede üç gün baklava dağıttık.”
A19: lakapli | B19: Ortaokulda takılan lakap, lise mezuniyetine kadar görevde kaldı. | D19: “Ortaokulda taktıkları ad liseye kadar gitti.”
A20: sokak-yasagi | B20: Mahallede bir sokaktan bir daha hiç geçemedi; okul yolu ömür boyu dört dakika uzun kaldı. | D20: “O sokaktan bir daha geçmedi; okul yolu dört dakika uzadı, hâlâ da nedenini anlatmaz.”
A21: ilk-mesaj | B21: İlk hoşlantısına ilk mesajı gönderdi. 'Selam.'
A22: oyun-faturasi | B22: Oyun içi alışverişle ailenin kart ekstresini tarihe geçirdi. | D22: “Annesinin parmağıyla ejderha aldı; o ay sofrada et görmedik.”
A23: dershaneli | B23: Ergenliğinin cumartesilerini dershanede geçirdi. | D23: “Her cumartesi dershaneye gitti; çantasına böreği ben koydum.”
A24: yz-odevci | B24: Ödevlerini yapay zekâya yaptırmayı denedi; öğretmen 'ayrıca'ları saydı.
A25: kendi-odasi | B25: On üç yaşında kendi odasını resmî başvuruyla aldı.
A26: fuar-birincisi | B26: Okul bilim fuarında yanardağ yapmadan birinci oldu. | D26: “Yanardağ yapmadan birinci oldu; jüri hâlâ nasıl olduğunu soruyor.”
A27: takim-oyuncusu | B27: Okul takımının seçmelerini geçti; forma büyük geldi. | D27: “Forma ona büyük geldi; sonra forma küçüldü, o büyüdü.”
A28: yanlis-grup | B28: Aile grubuna yanlış mesaj gönderdi; evin yemek listesi o günden beri tartışmalı. | D28: “Annesinin yemeğini yanlışlıkla aile grubuna şikâyet etti; o yemek bir daha pişmedi.”
A29: universiteli | B29: Büyük Makarya Sınavı'nı geçip üniversiteye girdi. | D29: “Sınavı kazandı; aile grubunda üç gün tebrik bitmedi, ben herkese ayrı ayrı teşekkür ettim.”
A30: ilk-sevgili | B30: Lisede bir parkta, bir bankta, bir karış mesafeyi kapattı. | C30: Bir sevgilin var. Yetişkinliğe ilk kez iki kişi giriyorsun. | D30: “Parkta bir bankta el ele tutuşmuşlar; karşı apartmandaki komşu bana herkesten önce haber verdi.”
A31: ilk-ayrilik | B31: İlk ayrılığını bir mesajlaşma uygulamasında, üç noktanın gölgesinde yaşadı. | D31: “İlk ayrılığında odasına kapandı, üç gün aynı şarkıyı dinledi; ben kapının önüne çay bıraktım.”
A32: ai-kopyaci | B32: Tarih ödevini bir yapay zekâya emanet etti.
A33: okul-temsilcisi | B33: Okul temsilcisi seçildi; ikinci tost makinesi vaadiyle.
A34: doktor-sozu | B34: Bir akşam yemeğinde aileye doktor olacağına söz verdi. | D34: “Bir akşam yemeğinde doktor olacağına söz verdi; babaannesi ertesi sabah bütün mahalleye duyurdu.”
A35: yurt-disi-hayali | B35: Öte Diyar'daki bir okuldan cevap alacak kadar ileri gitti.
A36: ehliyetli | B36: Ehliyetini aldı; arabanın anahtarını almak ayrı bir hikâyeydi.
A37: yurtdisi-gordu | B37: Bir dönem Öte Diyar'da düzgün peynir aradı.
A38: usta-eli | B38: Bir ustanın elinden meslek kaptı.
A39: depozito-yandi | B39: Bir kiralık evden depozitosunu hiç geri alamadı.
A40: universitesiz | B40: Üniversite yerine doğrudan hayata atıldı.
A41: taki-defteri | B41: Düğün takılarını kuruşu kuruşuna deftere geçirdi; defter hâlâ güncelleniyor.
A42: arabali | B42: Araba sahibi oldu; muayene tarihini doğum gününden iyi bilir.
A43: site-yoneticisi | B43: Site toplantısında itiraz ederken yönetici seçildi. | D43: “Apartmana yönetici oldu; gece üçte kapısı çalınıyor, o yine de seviniyor.”
A44: yalniz-gezgin | B44: Tek kişilik tatile çıktı ve garsona 'bir kişi' demeyi öğrendi.
A45: flort-emeklisi | B45: Flört uygulamasını son kez sildi. Gerçekten son kez.
A46: gozluklu | B46: Okuma gözlüğünü yıllarca başının üstünde aradı. | D46: “Okuma gözlüğü taktı; gazeteyi artık bize o okuyor, gözlüğü de hep başının üstünde.”
A47: motosikletli | B47: Bir gün motosiklet aldı; mahalle onu sesinden tanıdı. | D47: “Motosiklet aldı; sokağa girdiği an sesinden tanır, çayını koyardık.”
A48: maratoncu | B48: Bir maratonu başından sonuna kadar koştu; çoğunu. | D48: “Maratonu bitirdi; madalyasını vitrine, kristal şekerliğin yanına koyduk.”
A49: kariyer-degisti | B49: Kırkından sonra mesleğini değiştirdi ve geri dönmedi. | D49: “Kırkından sonra mesleğini değiştirdi, bir daha dönüp bakmadı.”
A50: yazlikci | B50: Denize 'yürüme mesafesinde' bir yazlık sahibi oldu. | D50: “İkramiyeyle yazlık aldı; denize yürüme mesafesinde, iki kilometre fazlasıyla.”
A51: ikinci-bahar | B51: Boşandıktan sonra bir kafede ikinci bahara merhaba dedi. | D51: “Elli ikisinde yeniden âşık oldu; telefonu çalınca odadan çıkıyor, biz de duymazdan geliyoruz.”
A52: dijital-paraci | B52: Dijital paradan kazandığını her sofrada anlattı; kaybettiğini hiçbirinde. | D52: “Kazandığını her sofrada anlattı, kaybettiğini hiçbirinde.”
A53: torunlu | B53: Torun sahibi oldu; telefonun ana ekranı o günden beri bebek fotoğrafı. | D53: “Torunu doğdu; o günden beri cebinden fotoğraf eksik olmuyor.”
A54: emekli | B54: Resmî olarak emekli oldu. Gayriresmî olarak hâlâ herkesin işini yaptı. | C54: Emeklilik: tavla, sabah yürüyüşleri ve torun bakımı nöbetleri. | D54: “Emekli oldu ama sabah yedide yine ayakkabılarını giyiyor; nereye gittiğini kimse bilmiyor.”
A55: tavla-sampiyonu | B55: Kahvehane tavla liginin tartışmalı şampiyonu. | D55: “Kahvehanenin duvarında adı yazılı; tebeşirle ama bantlı.”
A56: yuruyus-grubu | B56: Sabah yürüyüş grubunun daimi üyesi ve gayriresmî tempo sorumlusu. | D56: “Sabah yürüyüşünün tempo sorumlusu; kimse görevlendirmedi, kimse itiraz etmedi.”
A57: beyazyaka-terfi-aldi | B57: Unvanının başına 'kıdemli' kelimesini ekletti.
A58: beyazyaka-sag-kaldi | B58: Bir yeniden yapılanma dalgasından masasıyla birlikte sağ çıktı. | D58: “Şirkette yarısını çıkardılar, o kaldı; masasının fotoğrafını bize yolladı.”
A59: beyazyaka-gm-tanidik | B59: Arızalı bir asansörde genel müdürle kırk dakika geçirdi ve adı hatırlandı.
A60: serbest-viral-oldu | B60: Bir performansı kısa video uygulamasında iki milyon kez izlendi. Ödemesi görünürlük olarak yapıldı.
A61: serbest-alacakli | B61: Bir faturası hâlâ 'onay bekliyor'.
A62: serbest-fon-aldi | B62: Otuz sekiz sayfalık bir fon başvurusunu kabul ettirdi. | D62: “O upuzun fon formunu doldurup parayı aldı; bize ilk kez kendi kazandığı parayla baklava getirdi.”
A63: esnaf-veresiye-batagi | B63: Veresiye defteri bir tuğla kalınlığına ulaştı; tahsilat oranı gizli tutuldu.
A64: esnaf-komsu-rakip | B64: Karşı dükkânla bitmeyen bir etiket savaşına girdi.
A65: esnaf-cirak | B65: Bir çırak yetiştirdi; çırak da ona telefon ayarlarını öğretti. | D65: “Bir çırak yetiştirdi; çocuk bayramda bizim de elimizi öpmeye geliyor.”
A66: esnaf-dernek-baskani | B66: Çarşının esnaf derneğine başkan seçildi; ilk icraatı ortak çöp kutusu oldu. | D66: “Çarşıya başkan oldu; ilk işi ortak çöp kutusuydu, yeri hâlâ tartışılıyor.”
A67: memur-mudur-dusmani | B67: Bir müdürle arası hiç düzelmedi; kırmızı kalem hep hazırdı.
A68: memur-kayip-dosya | B68: Zimmetindeki bir dosya kayboldu; takibi yıllarca sürdü.
A69: memur-ikinci-is | B69: Emekliliğe bir kafe hayaliyle hazırlandı; menüsü çekmecede bekledi.
A70: haracci-dusmani | B70: Köşedeki üç büyük çocukla arası hiç düzelmedi.
A71: fenomen | B71: Kedisinin hesabı fenomen oldu.
A72: borclu | B72: Kredi kartı borcuyla tanıştı. | C72: Borç seni takip ediyor: asgari ödeme hayatının ritmi, bankanın müşteri temsilcisi de en düzenli arayanın.
A73: evli | B73: Evlendi. | C73: Evli hayat: ortak hesap, iki aile ve “Çocuk ne zaman?” sorusu. | D73: “Evlendi; takı defterini ben tuttum.”
A74: cocuklu | B74: Çocuk sahibi oldu. | C74: Çocuklu hayat: uykusuz geceler, okul servisi ve veli toplantıları; bu kez kapının öbür tarafında sen varsın. | D74: “Torunumuz oldu; ilk gece annesiyle babası ondan çok ağladı.”
A75: meslek-memur | B75: Memur oldu. | C75: Memurluk: tayinler, müdürler ve ıslak imza.
A76: ev-sahibi | B76: Ev sahibi oldu. | C76: Ev sahibisin: kredi taksitleri ve site yönetimi toplantıları. Aidatı artık sen ödüyorsun. | D76: “Tapuyu aldı; fotoğrafını aile grubuna ben attım, yanına bir de nazar boncuğu.”
A77: askerlik-yapti | B77: Askerliğini yaptı. | C77: Askerlik bitti. Artık iş görüşmelerinde “Yaptın mı?” sorusuna gülümseyerek cevap verebilirsin. | D77: “Askerliğini yaptı; giderken kapıda halay çekildi, dönünce annesi kapıyı iki kez açtı.”
A78: meslek-esnaf | B78: Esnaf oldu. | C78: Esnaf hayatı: kira artışları, karşı dükkân ve veresiye defteri.
A79: meslek-beyazyaka | B79: Beyaz yakalı oldu. | C79: Plaza hayatı: toplantılar, terfi yarışları ve açık ofis.
A80: meslek-serbest | B80: Serbest çalışmaya başladı. | C80: Serbest çalışma: fatura kovalamaca ve bir gün viral olma ihtimali.
A81: mahalle-cocugu | B81: Çocukluğu sokakta, mahallede geçti. | D81: “Sokaktan eve girmedi.”
A82: ekran-cocugu | B82: Çocukluğu ekran başında geçti. | D82: “Tableti benden iyi kullanır.”
A83: teneffus-tuccari | B83: Teneffüste ticaret yaptı. | D83: “Okumayı sökmeden sınıfta sakız satmaya başladı.”
A84: mahalle-abileri | B84: Mahalle abileriyle takıldı. | C84: Mahalle abileri seni unutmadı. Çarşıda bir iş, bir borç ve bir lakap hazır.
A85: meslek-lisesi | B85: Meslek lisesine yazıldı. | C85: Meslek lisesi: atölyede staj, erken para ve Büyük Sınav'da yarısı tanıdık, yarısı yabancı sorular. | D85: “Meslek lisesini yazdı; evde bozulan her şey artık ona sorulur.”
A86: okulu-birakti | B86: Okulu bıraktı. | C86: Okul yok. Çay ocağı, sanayi ve abilerin işleri seni bekliyor; okula dönmenin bir yolu hâlâ var. | D86: “Sınav sabahı çay ocağına gitti; annesi o akşam yine de tabağını koydu.”
A87: acik-lise | B87: Liseyi akşamları bitirdi. | D87: “Okulu bırakmıştı ama gündüz çalışıp akşam okudu; o broşür hâlâ buzdolabımızda.”
A88: abinin-adami | B88: Mahalle abisinin adamı oldu. | C88: Abinin yanında: çarşıda yükselmek kolay, oradan çıkmak zor. | D88: “Çarşıdaki abilerin yanında iş tuttu; telefonunu açmadım ama her akşam yemeğini ısıttım.”
A89: karaborsaci | B89: Stat önünde karaborsa bilet sattı.
A90: mezuna-kaldi | B90: Mezuna kaldı. | C90: Bir yıl daha dershane ve ikinci bir Büyük Sınav şansı. | D90: “Bir yıl daha dershaneye gitti; her sabah çantasına bir elma koydum, hiçbir şey sormadım.”
A91: tezgah | B91: Kuzeninin tezgâhına geçti. | C91: Tezgâhın arkasında hayat: pazarlık, veresiye defteri ve akranlarından önce kazanılan ilk para.
A92: erken-askerlik | B92: Askere erken gitti. | C92: Önce askerlik: kışla, nöbet ve dönüşte nereden başlayacağına dair uzun düşünceler.
A93: sinava-girmedi | B93: Büyük Makarya Sınavı'na girmedi; ertesi sabah işe başladı. | C93: Sınavsız bir hayat: erken iş, erken para, erken sorumluluk.
A94: bolum-hukuk | B94: Hukuk okudu. | C94: Hukuk fakültesi: ezber, stajlar ve kürsüye giden yolun ilk basamağı.
A95: bolum-emniyet | B95: Polis okuluna girdi. | C95: Polis okulu: disiplin, üniforma ve polisliğe giden yol.
A96: bolum-muhendislik | B96: Mühendislik okudu. | C96: Mühendislik: formüller, stajlar ve evde bozulan her şeyin senden sorulduğu yıllar.
A97: bolum-iletisim | B97: İletişim ya da konservatuvar okudu. | C97: Konservatuvar: seçmeler, küçük sahneler ve “İyi de ne iş yapacak?” soruları.
A98: bolum-isletme | B98: İşletme okudu. | C98: İşletme: sunumlar, stajlar ve ilk iş fikirleri.
A99: bolum-tip | B99: Tıp okudu. | C99: Tıp: altı yıl, bitmeyen nöbetler ve aile grubunda her gün artan semptom soruları.
A100: baska-sehir | B100: Başka şehirde okudu. | C100: Başka şehirde üniversite: yurt odası, ilk kez tek başına alınan kararlar ve annenin haftada iki telefonu.
A101: ayni-sehir | B101: Üniversiteye evden gitti. | C101: Evden üniversite: sokağa çıkma saati, buzdolabı bursu ve bitmeyen “Nereye?” soruları.
A102: yurtdisi-universite | B102: Öte Diyar'da üniversite okudu. | C102: Öte Diyar'da öğrencilik: yeni bir dil, yalnızlık ve her bayram atlanan uçak bileti. | D102: “Öte Diyar'a okumaya gitti; havalimanına on iki kişi uğurlamaya gittik, biri sadece havalimanını görmek için.”
A103: utangac | B103: İlk buluşmada reddedildi. | C103: Kalbin biraz kırık. Bir sonraki buluşmaya daha temkinli gideceksin.
...

Sheet Ölüm Sebepleri
A1: Asgari yaş | B1: Azami yaş | C1: Mezar taşı metni | D1: Gereken hafıza | E1: Mekân grubu
A2: 18 | B2: 40 | C2: Kira sözleşmesinin ek maddelerini okurken. Madde 14 hâlâ açıklığa kavuşmadı. | E2: ev
A3: 18 | B3: 40 | C3: Kargo takip ekranında 'dağıtıma çıktı' yazısını beklerken. Kargo ertesi gün teslim edildi. | E3: ev
A4: 18 | B4: 40 | C4: Ev arkadaşıyla bulaşık nöbeti tartışmasının dördüncü turunda. Bulaşıklar hâlâ lavaboda. | E4: ev
A5: 18 | B5: 40 | C5: Staj başvurusunun on yedinci formunu doldururken. Başvuru alındı. | E5: is
A6: 18 | B6: 40 | C6: Yeni işinin ilk gününde, asansörde kimseyle göz teması kurmamaya çalışırken. | E6: is
A7: 18 | B7: 40 | C7: Kısa video uygulaması için aynı dansın kırk birinci çekiminde. Kırkıncısı zaten yüklenmişti. | D7: fenomen | E7: ev
A8: 18 | B8: 40 | C8: Sabah koşusunun son turunda, saatin adım sayısını kontrol ederken. Hedef tamamlanmıştı. | D8: sporcu | E8: yol
A9: 18 | B9: 40 | C9: Taksit planını yeniden yapılandırmak için bankayı ararken. Sıradaki müşteri temsilcisi hâlâ hatta. | D9: borclu | E9: ev
A10: 40 | B10: 60 | C10: Site yönetimine itiraz dilekçesini teslim ederken. Dilekçe hâlâ değerlendiriliyor. | E10: ev
A11: 40 | B11: 60 | C11: Kombi tamircisini beklerken. Tamirci ertesi gün geldi. | E11: ev
A12: 40 | B12: 60 | C12: Performans değerlendirme toplantısında 'beklentileri karşılıyor' ifadesini duyduğu anda. | D12: meslek-beyazyaka | E12: is
A13: 40 | B13: 60 | C13: Dükkânın kepengini indirirken, günün son müşterisinin 'Bir şey soracaktım' demesiyle. | D13: meslek-esnaf | E13: is
A14: 40 | B14: 60 | C14: Mesai bitimine üç dakika kala gelen evrakı imzalarken. Evrak işleme alındı. | D14: meslek-memur | E14: is
A15: 40 | B15: 60 | C15: Müşteriden gelen 'Ufak bir revizyon' mesajını açarken. Revizyon hâlâ sürüyor. | D15: meslek-serbest | E15: is
A16: 40 | B16: 60 | C16: Veli toplantısında söz alma sırası kendisine geldiği anda. | D16: cocuklu | E16: kurum
A17: 40 | B17: 60 | C17: Aile grubundaki uzun bir sesli mesajı ikinci kez dinlerken. | E17: ev
A18: 40 | B18: 60 | C18: Evlilik yıldönümü hediyesini son dakikada paketlerken. Kurdele bağlandı. | D18: evli | E18: ev
A19: 40 | B19: 60 | C19: Bir sigarayı daha son sigara ilan ederken. Bu sefer gerçekten son oldu. | D19: sigara | E19: ev
A20: 60 | B20: 75 | C20: Emeklilik dilekçesinin onayını beklerken. Onay ertesi hafta geldi. | E20: kurum
A21: 60 | B21: 75 | C21: Emekli ikramiyesiyle aldığı motosikletle ilk virajda. Viraj kazandı. | D21: emekli | E21: yol
A22: 60 | B22: 75 | C22: Pazarın kapanışında son kasa domatesi pazarlık ederken. Domatesler yarı fiyatına alındı. | E22: yol
A23: 60 | B23: 75 | C23: Torunuyla saklambaç oynarken, en iyi saklanma yerini bulduğu anda. Oyunu kazandı. | D23: torunlu | E23: ev
A24: 60 | B24: 75 | C24: Apartman toplantısında asansör bakım ücretinin paylaştırılmasını oylarken. | E24: ev
A25: 60 | B25: 75 | C25: Mahalle kahvesinde, bir tavla partisinin son zarında. Zar çift geldi. | E25: sosyal
A26: 60 | B26: 75 | C26: Bahçede domates fidesine konuşurken. Fide büyümeye devam etti. | E26: ev
A27: 60 | B27: 75 | C27: Kedisinin mamasını son indirimli paketten alırken. Kedi durumu kabullenmedi. | D27: kediGeldi | E27: yol
A28: 60 | B28: 75 | C28: Eski takipçilerinden birinin 'Siz ölmediniz mi?' yorumuna cevap yazarken. Cevap gönderilmedi. | D28: fenomen | E28: ev
A29: 60 | B29: 75 | C29: Sabah yürüyüşünde, ilk kez kimsenin geçemediği yokuşu geçtiği anda. Yokuş belediyeye bildirildi. | D29: sporcu | E29: yol
A30: 75 | B30: 90 | C30: Uykusunda, huzur içinde. Alarmı kurmayı unutmamıştı. | E30: ev
A31: 75 | B31: 90 | C31: Öğleden sonra şekerlemesinde, huzur içinde. Şekerleme uzadı. | E31: ev
A32: 75 | B32: 90 | C32: Balkonda, sokağın akşam raporunu tamamladıktan sonra. Rapor eksiksizdi. | E32: ev
A33: 75 | B33: 90 | C33: Uykusunda, huzur içinde. Yanındaki kedi uyanmadı. | D33: kediGeldi | E33: ev
A34: 75 | B34: 90 | C34: Emekli maaşını çekip bayram zarflarını hazırlarken. Zarflar dağıtıldı. | D34: emekli | E34: is
A35: 75 | B35: 90 | C35: Torunlarına aynı hikâyeyi yedinci kez anlatırken. Sonunu bu sefer herkes birlikte söyledi. | D35: torunlu | E35: ev
A36: 75 | B36: 90 | C36: Eşiyle akşam çayında, bardaklar tam tazelendiği anda. Çay soğumadı. | D36: evli | E36: ev
A37: 75 | B37: 90 | C37: Koltukta, kumanda elinde, huzur içinde. Dizinin sonunu sonraki bölüm açıkladı. | E37: ev
A38: 75 | B38: 90 | C38: Eski iş arkadaşlarının yıllık buluşmasında, kendi eski masasına oturduğu anda. | D38: meslek-memur | E38: sosyal
A39: 75 | B39: 90 | C39: Pazar kahvaltısında, bütün ailesi masadayken. Yumurta tam kıvamındaydı. | D39: cocuklu | E39: ev
A40: 90 | B40: 110 | C40: Uykusunda, huzur içinde. Sabahın ilk çayı demlenmişti. | E40: ev
A41: 90 | B41: 110 | C41: Pencere kenarında, güneşin tam kendi sandalyesine vurduğu anda. Sandalye hâlâ orada. | E41: ev
A42: 90 | B42: 110 | C42: Uykusunda, huzur içinde. Rüyasında kiminle tartıştığı açıklanmadı. | E42: ev
A43: 90 | B43: 110 | C43: Mahallenin en yaşlı sakini unvanını bir yıl daha koruduktan sonra. Unvan boşta kaldı. | E43: yol
A44: 90 | B44: 110 | C44: Torununun torununa ilk kez adını söyletmeyi başardığı gün, huzur içinde. | D44: torunlu | E44: ev
A45: 90 | B45: 110 | C45: Öğleden sonra şekerlemesinde, yanında açık bir fotoğraf albümüyle. Albüm doğru sayfadaydı. | E45: ev
A46: 90 | B46: 110 | C46: Uykusunda, huzur içinde. Dükkânın anahtarı hâlâ cebindeydi. | D46: meslek-esnaf | E46: ev
A47: 18 | B47: 40 | C47: Yaya geçidinde, ışığın yeşile dönmesini beklerken. Kırmızıyı kaçıran kamyonet olayı sonradan “Görmedim” diye özetledi. | E47: yol
A48: 18 | B48: 40 | C48: Otobüse yetişmek için son sprintte, kaldırımın kenarına takılırken. Otobüs onu durakta beklemişti. | E48: yol
A49: 18 | B49: 40 | C49: Yolun karşısındaki arkadaşına el sallarken, yaklaşan aracı görmeden. Arkadaş el sallamaya devam etti. | E49: yol
A50: 40 | B50: 60 | C50: Karşıdan karşıya geçerken, telefona “Yoldayım” yazdığı anda. Mesaj iletildi. | E50: yol
A51: 40 | B51: 60 | C51: Sahil yolunda yürüyüşte, bisiklet yoluna girdiği anda. Bisikletli özür diledi; zili hâlâ çalıyor. | E51: yol
A52: 40 | B52: 60 | C52: Trafikte kornaya basan kişiye “Sakin ol” demek için araçtan inerken. Trafik o sırada açıldı. | E52: yol
A53: 60 | B53: 75 | C53: Yaya geçidinde, sürücünün “Siz geçin” işaretini yanlış anladığı anda. Sürücü işaretini düzeltmedi. | E53: yol
A54: 60 | B54: 75 | C54: Pazar yolunda, kaldırımdaki en son ‘kolay’ yokuşta. Yokuş belediyeye bildirildi. | E54: yol
A55: 75 | B55: 90 | C55: Parkta, bankta, güvercinlere simit ufalarken, huzur içinde. Güvercinler simidi bitirdi. | E55: yol
A56: 18 | B56: 40 | C56: İş görüşmesinde “Beş yıl sonra kendinizi nerede görüyorsunuz?” sorusunu yanıtlarken. Cevap değerlendirme formuna geçti. | E56: is
A57: 18 | B57: 40 | C57: Fotokopi makinesinin sıkışan kâğıdını çıkarmak için ‘sadece bir kez’ kapağı açarken. Makine servis çağırdı. | E57: is
A58: 18 | B58: 40 | C58: Mesai sonunda, son e-postayı “Gönder”e basmadan önce bir kez daha okurken. E-posta taslakta kaldı. | E58: is
... A80: 75 | B80: 90 | C80: Huzurevinin bahçesinde, sabah güneşinde, huzur içinde. Güneş batana kadar kimse rahatsız etmedi. | E80: kurum

Sheet Bölümler
A1: Bölüm | B1: Ad | C1: Seçilecek olay | D1: Beklenen özellik | E1: Yaş aralığı | F1: Son görsel (olay ID) | G1: Son yaş | H1: Son metin | I1: Sonraki düğme
A2: 1 | B2: Ev | C2: 6 | D2: 25 | E2: Doğum → 3 yaş | F2: kres-kapisi | G2: 3 YAŞ | H2: Ev güvenliydi. Şimdi başka çocuklar var. | I2: BÖLÜM II · DIŞ DÜNYA
A3: 2 | B3: Dış Dünya | C3: 6 | D3: 29 | E3: 3 → 6 yaş | F3: ilkokul-kapisi | G3: 6 YAŞ | H3: Artık yalnızca aileyi değil, dış dünyanın kurallarını da okumaya başladın. | I3: BÖLÜM III · OKUL YILLARI
A4: 3 | B4: Okul Yılları | C4: 6 | D4: 32 | E4: 6 → 9 yaş | F4: karne-gunu | G4: 9 YAŞ | H4: Karne elinde, karakter ortada. | I4: BÖLÜM IV · ERGENLİK
A5: 4 | B5: Ergenlik | C5: 7 | D5: 34 | E5: 10 → 14 yaş | F5: b4-lise-sinavi | G5: 14 YAŞ | H5: Sesin çatladı, telefonun çatlamadı. Önceliklerin belli. | I5: BÖLÜM V · SINAV ÇAĞI
A6: 5 | B6: Sınav Çağı | C6: 8 | D6: 37 | E6: 15 → 18 yaş | F6: b5-mezuniyet | G6: 18 YAŞ | H6: Resmen yetişkinsin. Sistem bunu kutlamak için sana ilk faturanı hazırlıyor. | I6: BÖLÜM VI · GENÇ YETİŞKİN
A7: 6 | B7: Genç Yetişkin | C7: 8 | D7: 38 | E7: 18 → 26 yaş | F7: b6-meslek-secimi | G7: 26 YAŞ | H7: Bir yolun, bir adresin ve bir kredi kartı ekstren var. Hayat seni artık ciddiye alıyor. | I7: BÖLÜM VII · KARİYER VE AİLE
A8: 7 | B8: Kariyer ve Aile | C8: 8 | D8: 40 | E8: 26 → 40 yaş | F8: b7-evlilik-karari | G8: 40 YAŞ | H8: Kırk yaşına bastın. Ayakkabın da bastı; o da artık yorgun. | I8: BÖLÜM VIII · ORTA YAŞ
A9: 8 | B9: Orta Yaş | C9: 6 | D9: 40 | E9: 40 → 55 yaş | F9: b8-lise-bulusmasi | G9: 55 YAŞ | H9: Gözlüğün yakın için, sabrın uzak için. İkisi de reçeteli. | I9: BÖLÜM IX · OLGUNLUK
A10: 9 | B10: Olgunluk | C10: 6 | D10: 42 | E10: 55 → 70 yaş | F10: b9-emeklilik | G10: 70 YAŞ | H10: Yetmiş yaşındasın. Zamanın bol, randevuların dolu; hangisinin daha önemli olduğuna sen karar veriyorsun. | I10: BÖLÜM X · SON PERDE
A11: 10 | B11: Son Perde | C11: 5 | D11: 43 | E11: 70 yaş ve sonrası | F11: son-soz
